cityId,PlainsHills,PlainsMountain,PlainsRainforest,Plains,PlainsHillsWoods,DesertHills,PlainsWoods,PlainsHillsRainforest,Grassland,CoastLake,GrasslandHills,DesertMountain,Desert,GrasslandWoods,GrasslandMarsh,Ocean,Tundra,Snow,GrasslandHillsWoods,GrasslandMountain,CoastLakeReef,DesertFloodplains,TundraWoods,TundraMountain,TundraHills,DesertOasis,TundraHillsWoods,OtherBonus,Lux,Wheat,Stone,Cattle,Horses,Rice,cityHasRiver
1,0.1579,0.0526,0.0526,0.3158,0.1053,0.0526,0.1579,0.0526,0.0526,0.0,0.0,0.0,0.0,0.0,0.0,0.0,0.0,0.0,0.0,0.0,0.0,0.0,0.0,0.0,0.0,0.0,0.0,0.0526,0.1053,0.0526,0.0,0.0,0.0,0.0,1
2,0.0526,0.0,0.1579,0.1053,0.0526,0.1053,0.1053,0.0,0.0,0.1579,0.0526,0.1053,0.0526,0.0526,0.0,0.0,0.0,0.0,0.0,0.0,0.0,0.0,0.0,0.0,0.0,0.0,0.0,0.1053,0.1579,0.0,0.0,0.0,0.0,0.0,1
3,0.0526,0.0,0.0526,0.3158,0.0,0.0,0.1053,0.0,0.2632,0.0,0.1053,0.0,0.0,0.0526,0.0526,0.0,0.0,0.0,0.0,0.0,0.0,0.0,0.0,0.0,0.0,0.0,0.0,0.0,0.0526,0.0,0.1053,0.0526,0.0,0.0,1
4,0.0526,0.0,0.1053,0.2105,0.0526,0.0,0.0526,0.0,0.0,0.3158,0.0,0.0,0.0,0.0,0.0,0.2105,0.0,0.0,0.0,0.0,0.0,0.0,0.0,0.0,0.0,0.0,0.0,0.0526,0.0,0.0526,0.0,0.0,0.0,0.0,0
5,0.0,0.0,0.0526,0.0,0.0,0.0,0.0,0.0,0.3684,0.0,0.0526,0.0,0.0,0.0526,0.0526,0.0,0.3158,0.0526,0.0526,0.0,0.0,0.0,0.0,0.0,0.0,0.0,0.0,0.0526,0.0526,0.0,0.0,0.0,0.0526,0.0,1
6,0.0,0.0,0.0,0.0,0.0,0.0,0.0,0.0,0.6842,0.0,0.1053,0.0,0.0,0.1579,0.0,0.0,0.0,0.0,0.0526,0.0,0.0,0.0,0.0,0.0,0.0,0.0,0.0,0.0,0.0,0.0,0.1053,0.1053,0.0526,0.0526,1
7,0.2105,0.1053,0.2105,0.2632,0.0,0.0,0.1053,0.0,0.0,0.1053,0.0,0.0,0.0,0.0,0.0,0.0,0.0,0.0,0.0,0.0,0.0,0.0,0.0,0.0,0.0,0.0,0.0,0.0,0.0526,0.0526,0.0,0.0,0.0,0.0,1
8,0.0,0.0,0.0526,0.1053,0.0,0.0,0.0,0.1053,0.2632,0.2105,0.0526,0.0,0.0,0.0526,0.0526,0.0,0.0,0.0,0.0,0.0526,0.0526,0.0,0.0,0.0,0.0,0.0,0.0,0.1053,0.0526,0.0,0.0526,0.0,0.0,0.0,1
9,0.0526,0.0526,0.2105,0.2105,0.0526,0.0,0.1053,0.1579,0.0526,0.0,0.0526,0.0,0.0,0.0526,0.0,0.0,0.0,0.0,0.0,0.0,0.0,0.0,0.0,0.0,0.0,0.0,0.0,0.0,0.0526,0.1053,0.0,0.0,0.0,0.0,1
10,0.2632,0.1579,0.0,0.1053,0.0,0.0,0.0526,0.0,0.2105,0.0,0.0,0.0,0.1053,0.0526,0.0,0.0,0.0,0.0,0.0,0.0,0.0,0.0526,0.0,0.0,0.0,0.0,0.0,0.0526,0.1053,0.0,0.0,0.0,0.0,0.0,1
11,0.1579,0.0526,0.3158,0.2105,0.0,0.0,0.1053,0.0,0.0,0.0,0.0526,0.0,0.0,0.0526,0.0,0.0,0.0,0.0,0.0526,0.0,0.0,0.0,0.0,0.0,0.0,0.0,0.0,0.0526,0.0,0.1053,0.0,0.0,0.0,0.0,1
12,0.1053,0.0,0.1053,0.3158,0.0526,0.0,0.0,0.1053,0.1579,0.0,0.0526,0.0,0.0,0.0526,0.0526,0.0,0.0,0.0,0.0,0.0,0.0,0.0,0.0,0.0,0.0,0.0,0.0,0.0,0.1053,0.0526,0.0,0.0526,0.0,0.0,1
13,0.0,0.0,0.0,0.1053,0.0,0.0526,0.0,0.0,0.0,0.3158,0.0526,0.0526,0.1053,0.0526,0.1579,0.0,0.0,0.0,0.0,0.0,0.0526,0.0526,0.0,0.0,0.0,0.0,0.0,0.1053,0.0526,0.0,0.0,0.0,0.0,0.0,1
14,0.0526,0.0,0.0,0.2105,0.0,0.0,0.0,0.0,0.1579,0.3158,0.0,0.0,0.0,0.1053,0.0,0.1053,0.0,0.0,0.0,0.0,0.0526,0.0,0.0,0.0,0.0,0.0,0.0,0.1053,0.0,0.0,0.0,0.0,0.0,0.0,1
15,0.0526,0.0,0.2105,0.1579,0.0,0.0,0.0,0.0526,0.0526,0.2632,0.0526,0.0,0.0,0.0526,0.0526,0.0,0.0,0.0,0.0,0.0,0.0526,0.0,0.0,0.0,0.0,0.0,0.0,0.0526,0.0,0.0,0.0,0.0,0.0526,0.0,1
16,0.0526,0.0526,0.1579,0.0526,0.0,0.0526,0.0526,0.0,0.1053,0.0,0.0,0.2105,0.1579,0.1053,0.0,0.0,0.0,0.0,0.0,0.0,0.0,0.0,0.0,0.0,0.0,0.0,0.0,0.1053,0.0,0.0526,0.0,0.0,0.0,0.0,1
17,0.0526,0.0,0.0,0.0,0.0,0.0,0.0,0.0,0.3158,0.2105,0.0526,0.0,0.0,0.0,0.0526,0.0,0.2632,0.0,0.0,0.0,0.0,0.0,0.0526,0.0,0.0,0.0,0.0,0.0526,0.1579,0.0,0.0,0.0,0.0,0.0,0
18,0.0,0.0,0.0526,0.0526,0.0,0.0,0.0,0.0,0.5789,0.1053,0.0526,0.0,0.0,0.1053,0.0,0.0,0.0,0.0,0.0526,0.0,0.0,0.0,0.0,0.0,0.0,0.0,0.0,0.1053,0.2105,0.0,0.0526,0.0526,0.0,0.0,1
19,0.0,0.0,0.0,0.0,0.0,0.0,0.0,0.0,0.5789,0.0,0.1053,0.0,0.1053,0.1053,0.0,0.0,0.0526,0.0,0.0,0.0,0.0,0.0,0.0,0.0526,0.0,0.0,0.0,0.0526,0.1053,0.0,0.0,0.0,0.0,0.0526,1
20,0.0,0.0,0.0,0.0,0.0,0.0,0.0,0.0,0.0526,0.2632,0.5789,0.0,0.0,0.0,0.0,0.0,0.0,0.0,0.0526,0.0,0.0526,0.0,0.0,0.0,0.0,0.0,0.0,0.2105,0.2105,0.0,0.0,0.0,0.0,0.0,0
21,0.0,0.0,0.0,0.0,0.0526,0.2632,0.0526,0.0,0.0,0.3684,0.1053,0.0,0.0,0.0,0.0,0.0526,0.0,0.0,0.1053,0.0,0.0,0.0,0.0,0.0,0.0,0.0,0.0,0.2105,0.1053,0.0,0.0,0.0,0.0,0.0,1
22,0.0526,0.0,0.0,0.3684,0.0,0.0526,0.1053,0.0,0.0,0.0,0.0,0.2105,0.0,0.0,0.0,0.0,0.0,0.0,0.0,0.0,0.0,0.2105,0.0,0.0,0.0,0.0,0.0,0.0526,0.0526,0.0526,0.0,0.0,0.0,0.0,1
23,0.3684,0.0,0.0,0.3684,0.0,0.0,0.2105,0.0,0.0,0.0,0.0526,0.0,0.0,0.0,0.0,0.0,0.0,0.0,0.0,0.0,0.0,0.0,0.0,0.0,0.0,0.0,0.0,0.0,0.1053,0.1053,0.0,0.0,0.0,0.0,1
24,0.1053,0.1053,0.0,0.2632,0.1053,0.0,0.0526,0.0,0.0,0.2632,0.0,0.0,0.0526,0.0,0.0,0.0526,0.0,0.0,0.0,0.0,0.0,0.0,0.0,0.0,0.0,0.0,0.0,0.0526,0.0526,0.0,0.0,0.0,0.0,0.0,0
25,0.0,0.0,0.0,0.0,0.0,0.0,0.0,0.0,0.7895,0.0,0.0526,0.0,0.0,0.0526,0.0526,0.0,0.0,0.0,0.0526,0.0,0.0,0.0,0.0,0.0,0.0,0.0,0.0,0.0,0.0,0.0,0.2105,0.0526,0.0,0.0,1
26,0.0,0.0,0.0,0.0,0.0,0.0,0.0,0.0,0.7895,0.0,0.0526,0.0,0.0,0.1579,0.0,0.0,0.0,0.0,0.0,0.0,0.0,0.0,0.0,0.0,0.0,0.0,0.0,0.0526,0.0,0.0,0.1053,0.0,0.0,0.0526,1
27,0.0,0.0,0.0,0.1053,0.0526,0.0,0.1053,0.0,0.2632,0.0,0.1053,0.0,0.0,0.1579,0.1053,0.0,0.0,0.0,0.0526,0.0526,0.0,0.0,0.0,0.0,0.0,0.0,0.0,0.0,0.0526,0.0,0.0526,0.0526,0.0,0.0526,1
28,0.0,0.0,0.7368,0.1579,0.0,0.0,0.0,0.0526,0.0,0.0,0.0526,0.0,0.0,0.0,0.0,0.0,0.0,0.0,0.0,0.0,0.0,0.0,0.0,0.0,0.0,0.0,0.0,0.1579,0.0,0.0526,0.0526,0.0,0.0,0.0,1
29,0.0526,0.0,0.4737,0.0,0.0,0.0,0.0,0.0526,0.0,0.0,0.0,0.0,0.0,0.3158,0.0526,0.0,0.0,0.0,0.0526,0.0,0.0,0.0,0.0,0.0,0.0,0.0,0.0,0.1053,0.0526,0.0,0.0,0.0,0.0,0.0,1
30,0.0526,0.0,0.0,0.5789,0.0,0.0,0.1579,0.0,0.1053,0.0,0.0526,0.0,0.0,0.0,0.0526,0.0,0.0,0.0,0.0,0.0,0.0,0.0,0.0,0.0,0.0,0.0,0.0,0.0,0.0526,0.0,0.0526,0.0,0.0,0.0526,1
31,0.2105,0.2105,0.0526,0.1053,0.0526,0.0,0.0,0.0526,0.1053,0.0526,0.0,0.0,0.0,0.1053,0.0,0.0,0.0,0.0,0.0,0.0526,0.0,0.0,0.0,0.0,0.0,0.0,0.0,0.0,0.0526,0.0,0.0,0.0526,0.0,0.0,1
32,0.0,0.0,0.0,0.0,0.0,0.0,0.0,0.0,0.2105,0.5263,0.1053,0.0,0.0,0.0,0.0,0.1053,0.0,0.0,0.0526,0.0,0.0,0.0,0.0,0.0,0.0,0.0,0.0,0.0526,0.0526,0.0,0.0,0.0,0.0526,0.0,1
33,0.0,0.0,0.0,0.0,0.0,0.0,0.0,0.0,0.3684,0.3158,0.1053,0.0,0.0,0.1053,0.0,0.1053,0.0,0.0,0.0,0.0,0.0,0.0,0.0,0.0,0.0,0.0,0.0,0.1053,0.0,0.0,0.1579,0.0,0.0,0.0,1
34,0.0,0.0,0.2105,0.0,0.0,0.0,0.0,0.0526,0.1579,0.0526,0.1053,0.0,0.0,0.3684,0.0,0.0,0.0,0.0,0.0526,0.0,0.0,0.0,0.0,0.0,0.0,0.0,0.0,0.0526,0.1579,0.0,0.0,0.0,0.0,0.0,1
35,0.1579,0.0526,0.0,0.5789,0.0526,0.0,0.0,0.0,0.0526,0.0526,0.0,0.0,0.0,0.0526,0.0,0.0,0.0,0.0,0.0,0.0,0.0,0.0,0.0,0.0,0.0,0.0,0.0,0.0526,0.1053,0.1053,0.0,0.0,0.0,0.0,1
36,0.1579,0.0526,0.1053,0.3684,0.0,0.0,0.0526,0.0,0.0,0.2632,0.0,0.0,0.0,0.0,0.0,0.0,0.0,0.0,0.0,0.0,0.0,0.0,0.0,0.0,0.0,0.0,0.0,0.0526,0.1053,0.0526,0.0,0.0,0.0526,0.0,1
37,0.0,0.0,0.0,0.0526,0.0,0.0,0.0,0.0,0.4737,0.0,0.2105,0.0,0.0,0.1579,0.0526,0.0,0.0,0.0,0.0526,0.0,0.0,0.0,0.0,0.0,0.0,0.0,0.0,0.0,0.0,0.0,0.1053,0.0526,0.0,0.0,0
38,0.0,0.0,0.1579,0.0,0.0,0.0,0.0,0.0,0.5263,0.1053,0.0,0.0,0.0,0.0,0.1579,0.0,0.0,0.0,0.0,0.0,0.0526,0.0,0.0,0.0,0.0,0.0,0.0,0.0,0.0526,0.0,0.0,0.1053,0.0,0.0,0
39,0.0526,0.0,0.0,0.0,0.0,0.0526,0.0,0.0,0.0526,0.3158,0.2632,0.0,0.1579,0.0,0.0526,0.0,0.0,0.0,0.0,0.0526,0.0,0.0,0.0,0.0,0.0,0.0,0.0,0.0526,0.0526,0.0,0.0,0.0,0.0,0.0,0
40,0.0,0.0,0.0,0.1053,0.0,0.0526,0.0526,0.0,0.2632,0.0,0.0526,0.0,0.3158,0.1053,0.0,0.0,0.0,0.0,0.0,0.0,0.0,0.0526,0.0,0.0,0.0,0.0,0.0,0.0,0.1053,0.0,0.0,0.0,0.0,0.0,1
41,0.0,0.0,0.0,0.2105,0.0,0.2105,0.0,0.0,0.0,0.0,0.0,0.0,0.2632,0.0,0.0,0.0,0.0,0.0,0.0,0.0,0.0,0.3158,0.0,0.0,0.0,0.0,0.0,0.0526,0.0,0.0526,0.0,0.0,0.0526,0.0,1
42,0.0,0.0,0.0,0.0,0.0,0.2105,0.0526,0.0,0.0526,0.1579,0.1579,0.0,0.1579,0.1053,0.0,0.0,0.0,0.0,0.0526,0.0,0.0,0.0526,0.0,0.0,0.0,0.0,0.0,0.0,0.0,0.0,0.0526,0.0,0.0,0.0,1
43,0.1579,0.0,0.0,0.3158,0.0526,0.0,0.0,0.0,0.2105,0.0,0.1579,0.0,0.0,0.1053,0.0,0.0,0.0,0.0,0.0,0.0,0.0,0.0,0.0,0.0,0.0,0.0,0.0,0.1053,0.0,0.0526,0.0526,0.0526,0.0,0.0,1
44,0.0,0.0,0.1579,0.0,0.0,0.1053,0.0,0.0,0.0,0.3158,0.0526,0.0,0.1053,0.0,0.0526,0.1053,0.0,0.0,0.0,0.0,0.0,0.1053,0.0,0.0,0.0,0.0,0.0,0.0,0.1053,0.0526,0.0,0.0,0.0,0.0,1
45,0.1053,0.0,0.0526,0.4737,0.0,0.0,0.0526,0.0,0.0,0.2632,0.0,0.0,0.0526,0.0,0.0,0.0,0.0,0.0,0.0,0.0,0.0,0.0,0.0,0.0,0.0,0.0,0.0,0.0,0.1579,0.1053,0.0,0.0,0.0,0.0,1
46,0.4211,0.1053,0.0,0.0526,0.0526,0.0,0.0,0.0,0.0,0.2632,0.0,0.0,0.0,0.0,0.0,0.0526,0.0,0.0,0.0,0.0,0.0526,0.0,0.0,0.0,0.0,0.0,0.0,0.1053,0.0526,0.0,0.0,0.0,0.0,0.0,0
47,0.2105,0.0,0.0,0.0526,0.0,0.0,0.0,0.0,0.0,0.4211,0.1579,0.0,0.0,0.0,0.0,0.0,0.0,0.0,0.0,0.1053,0.0526,0.0,0.0,0.0,0.0,0.0,0.0,0.1053,0.0526,0.0,0.0,0.0,0.0,0.0,1
48,0.0,0.0,0.0,0.3684,0.0,0.0,0.1053,0.0,0.4211,0.0,0.0526,0.0,0.0,0.0526,0.0,0.0,0.0,0.0,0.0,0.0,0.0,0.0,0.0,0.0,0.0,0.0,0.0,0.0,0.0526,0.0526,0.1053,0.0,0.0526,0.0,1
49,0.0526,0.0,0.0,0.0526,0.0,0.0,0.0,0.0,0.4211,0.0,0.2105,0.0,0.0,0.1053,0.0,0.0,0.0,0.0,0.1053,0.0526,0.0,0.0,0.0,0.0,0.0,0.0,0.0,0.0,0.0,0.0,0.1053,0.0,0.0,0.0,1
50,0.2105,0.1053,0.0,0.2632,0.0,0.0,0.1053,0.0,0.0,0.0,0.0,0.0,0.0,0.0,0.0,0.0,0.1579,0.0,0.0,0.0,0.0,0.0,0.0526,0.0,0.1053,0.0,0.0,0.1053,0.0526,0.0526,0.0,0.0,0.0,0.0,1
51,0.0,0.0,0.0,0.2632,0.0,0.0,0.1579,0.0,0.2105,0.0526,0.0526,0.0,0.0,0.0,0.1579,0.0,0.0,0.0,0.1053,0.0,0.0,0.0,0.0,0.0,0.0,0.0,0.0,0.0,0.0,0.0,0.0526,0.0,0.0,0.0526,1
52,0.1579,0.0526,0.3684,0.1579,0.0,0.0,0.0526,0.0526,0.0,0.0,0.0,0.0,0.1053,0.0,0.0,0.0,0.0,0.0,0.0,0.0,0.0,0.0526,0.0,0.0,0.0,0.0,0.0,0.0526,0.0,0.0526,0.0,0.0,0.0,0.0,1
53,0.1579,0.0,0.0,0.1579,0.0,0.0,0.1053,0.0,0.1053,0.0,0.1579,0.0,0.0,0.0526,0.0,0.0,0.1053,0.0,0.0,0.0526,0.0,0.0,0.0526,0.0,0.0526,0.0,0.0,0.0526,0.1053,0.0,0.0526,0.0,0.0,0.0,1
54,0.0526,0.0,0.1053,0.1053,0.0,0.0,0.0,0.0526,0.2105,0.1053,0.0526,0.0,0.0,0.2105,0.0,0.0,0.0,0.0,0.0,0.0526,0.0526,0.0,0.0,0.0,0.0,0.0,0.0,0.1053,0.0526,0.0526,0.0,0.0,0.0,0.0,1
55,0.0,0.0,0.0,0.0,0.0,0.0,0.0,0.0,0.2105,0.0526,0.3158,0.0526,0.0,0.0526,0.0,0.0,0.0,0.0,0.0526,0.2632,0.0,0.0,0.0,0.0,0.0,0.0,0.0,0.1053,0.0,0.0,0.0526,0.0526,0.0,0.1053,1
56,0.0,0.0,0.0,0.0,0.0,0.0,0.0,0.0526,0.0526,0.5789,0.1579,0.0,0.0526,0.0526,0.0,0.0,0.0,0.0,0.0,0.0,0.0526,0.0,0.0,0.0,0.0,0.0,0.0,0.0526,0.1053,0.0,0.0,0.0,0.0,0.0526,0
57,0.1053,0.0,0.0,0.1579,0.0526,0.0,0.0526,0.0,0.3684,0.0,0.1053,0.0,0.0,0.0526,0.0,0.0,0.0,0.0,0.1053,0.0,0.0,0.0,0.0,0.0,0.0,0.0,0.0,0.0,0.0,0.1053,0.0526,0.0,0.0,0.0526,1
58,0.0526,0.0,0.1579,0.3684,0.0,0.0,0.0526,0.1053,0.1053,0.0526,0.0,0.0,0.0526,0.0,0.0526,0.0,0.0,0.0,0.0,0.0,0.0,0.0,0.0,0.0,0.0,0.0,0.0,0.0,0.0526,0.0,0.0526,0.0,0.0,0.0,1
59,0.1579,0.0,0.0,0.7368,0.0,0.0,0.1053,0.0,0.0,0.0,0.0,0.0,0.0,0.0,0.0,0.0,0.0,0.0,0.0,0.0,0.0,0.0,0.0,0.0,0.0,0.0,0.0,0.0,0.0,0.1579,0.0,0.0,0.0,0.0,1
60,0.0,0.0,0.0,0.7895,0.0,0.0,0.1053,0.0,0.0526,0.0526,0.0,0.0,0.0,0.0,0.0,0.0,0.0,0.0,0.0,0.0,0.0,0.0,0.0,0.0,0.0,0.0,0.0,0.0,0.0,0.1053,0.0,0.0,0.0526,0.0,0
61,0.0,0.0,0.3158,0.2632,0.0,0.0,0.0,0.0,0.1053,0.0,0.1053,0.0,0.0,0.1579,0.0526,0.0,0.0,0.0,0.0,0.0,0.0,0.0,0.0,0.0,0.0,0.0,0.0,0.0,0.0526,0.0,0.0,0.0,0.0,0.0,1
62,0.0,0.0,0.1579,0.0,0.0,0.0,0.0,0.0,0.4211,0.1053,0.0,0.0,0.0,0.2105,0.1053,0.0,0.0,0.0,0.0,0.0,0.0,0.0,0.0,0.0,0.0,0.0,0.0,0.0,0.1053,0.0,0.0,0.0,0.0,0.0,1
63,0.0,0.0,0.3158,0.3684,0.0,0.0526,0.0526,0.1053,0.0526,0.0,0.0,0.0,0.0526,0.0,0.0,0.0,0.0,0.0,0.0,0.0,0.0,0.0,0.0,0.0,0.0,0.0,0.0,0.0526,0.1053,0.0526,0.0,0.0526,0.0,0.0,1
64,0.1053,0.0,0.0526,0.0,0.0,0.0,0.0526,0.0526,0.2105,0.0,0.2105,0.0,0.0,0.1053,0.0526,0.0,0.0,0.0,0.1053,0.0526,0.0,0.0,0.0,0.0,0.0,0.0,0.0,0.0,0.1053,0.0,0.0,0.0,0.0,0.0526,1
65,0.0,0.0,0.0,0.0,0.0,0.0,0.0,0.0,0.4211,0.0,0.0,0.0,0.0,0.0526,0.0,0.0,0.3684,0.0,0.0,0.0,0.0,0.0,0.1579,0.0,0.0,0.0,0.0,0.0526,0.0526,0.0,0.0,0.0,0.0,0.0526,1
66,0.0,0.0526,0.0,0.2632,0.1053,0.0,0.0526,0.0,0.1579,0.0,0.0,0.0,0.3158,0.0,0.0,0.0,0.0,0.0,0.0,0.0,0.0,0.0526,0.0,0.0,0.0,0.0,0.0,0.0,0.1579,0.0,0.0,0.0,0.0,0.0,1
67,0.0526,0.0,0.0,0.0,0.0,0.0,0.0,0.0,0.2632,0.1053,0.3158,0.0,0.0,0.1053,0.0526,0.0,0.0,0.0,0.1053,0.0,0.0,0.0,0.0,0.0,0.0,0.0,0.0,0.0526,0.0526,0.0,0.0,0.0,0.0,0.0526,1
68,0.2632,0.1053,0.0,0.1053,0.0,0.0,0.0,0.0526,0.1053,0.2105,0.0,0.0,0.0,0.0,0.0526,0.0,0.0,0.0,0.1053,0.0,0.0,0.0,0.0,0.0,0.0,0.0,0.0,0.0,0.0526,0.0526,0.0,0.0,0.0526,0.0,1
69,0.0,0.0,0.0,0.0,0.0,0.0,0.0,0.1053,0.2105,0.2105,0.2105,0.0,0.0,0.0,0.0,0.0,0.0,0.0,0.1579,0.1053,0.0,0.0,0.0,0.0,0.0,0.0,0.0,0.1053,0.0526,0.0,0.0526,0.0,0.0,0.0,1
70,0.2632,0.0526,0.0,0.0,0.0526,0.0,0.0,0.0,0.0,0.2632,0.1053,0.0,0.0,0.0,0.0,0.0,0.0526,0.0,0.0526,0.0,0.0526,0.0,0.0,0.0,0.1053,0.0,0.0,0.1579,0.0526,0.0,0.0526,0.0,0.0,0.0,1
71,0.2105,0.0526,0.0,0.4211,0.0,0.0,0.1579,0.0,0.0,0.1579,0.0,0.0,0.0,0.0,0.0,0.0,0.0,0.0,0.0,0.0,0.0,0.0,0.0,0.0,0.0,0.0,0.0,0.0526,0.0526,0.0526,0.0,0.0,0.0,0.0,1
72,0.0526,0.0,0.1053,0.0,0.0,0.0,0.0,0.0,0.2632,0.0,0.2632,0.0,0.0,0.1579,0.0,0.0,0.0,0.0,0.1053,0.0526,0.0,0.0,0.0,0.0,0.0,0.0,0.0,0.0,0.0,0.0,0.0526,0.0,0.0526,0.0,1
73,0.1579,0.2105,0.0,0.4737,0.0526,0.0,0.0526,0.0,0.0,0.0,0.0526,0.0,0.0,0.0,0.0,0.0,0.0,0.0,0.0,0.0,0.0,0.0,0.0,0.0,0.0,0.0,0.0,0.0,0.1053,0.0,0.0,0.0,0.0526,0.0,1
74,0.2632,0.0,0.1053,0.3158,0.0,0.0,0.0526,0.0,0.0526,0.1579,0.0,0.0,0.0,0.0,0.0526,0.0,0.0,0.0,0.0,0.0,0.0,0.0,0.0,0.0,0.0,0.0,0.0,0.1053,0.0,0.0,0.0,0.0,0.0,0.0,1
75,0.0,0.0,0.1579,0.0526,0.0,0.0,0.0,0.0,0.6316,0.0,0.0,0.0,0.0,0.1579,0.0,0.0,0.0,0.0,0.0,0.0,0.0,0.0,0.0,0.0,0.0,0.0,0.0,0.0,0.0526,0.0,0.0526,0.1579,0.0,0.0,1
76,0.0526,0.0,0.0,0.6316,0.0526,0.0,0.1053,0.0,0.0,0.0,0.0,0.0,0.0,0.0,0.0,0.0,0.1053,0.0,0.0,0.0,0.0,0.0,0.0526,0.0,0.0,0.0,0.0,0.0,0.0,0.1053,0.0,0.0,0.0526,0.0,1
77,0.2105,0.2105,0.0,0.0,0.0,0.0,0.0,0.0526,0.3158,0.0,0.1579,0.0,0.0,0.0526,0.0,0.0,0.0,0.0,0.0,0.0,0.0,0.0,0.0,0.0,0.0,0.0,0.0,0.0526,0.0526,0.0,0.0526,0.0,0.0,0.0,1
78,0.1579,0.0,0.2632,0.1053,0.0,0.0526,0.1053,0.0,0.0,0.0526,0.0,0.0,0.2632,0.0,0.0,0.0,0.0,0.0,0.0,0.0,0.0,0.0,0.0,0.0,0.0,0.0,0.0,0.0,0.1053,0.0,0.0,0.0,0.0,0.0,1
79,0.0,0.0,0.0,0.0,0.0,0.0526,0.0,0.0,0.3158,0.2105,0.2632,0.0,0.1053,0.0526,0.0,0.0,0.0,0.0,0.0,0.0,0.0,0.0,0.0,0.0,0.0,0.0,0.0,0.0526,0.0,0.0,0.0526,0.0526,0.0,0.0,0
80,0.0526,0.0,0.1579,0.3158,0.0,0.0,0.2105,0.0,0.1579,0.0526,0.0,0.0,0.0,0.0,0.0526,0.0,0.0,0.0,0.0,0.0,0.0,0.0,0.0,0.0,0.0,0.0,0.0,0.0,0.1053,0.1053,0.0,0.0,0.0526,0.0,1
81,0.1053,0.0,0.0,0.5263,0.1053,0.0,0.0,0.0,0.0526,0.0,0.0,0.0,0.0,0.0,0.0,0.0,0.1579,0.0,0.0,0.0,0.0,0.0,0.0526,0.0,0.0,0.0,0.0,0.0526,0.0526,0.1579,0.0,0.0,0.0,0.0,1
82,0.0,0.0,0.0,0.1053,0.0,0.0,0.0526,0.0526,0.4211,0.0,0.1579,0.0,0.0,0.1579,0.0,0.0,0.0,0.0,0.0526,0.0,0.0,0.0,0.0,0.0,0.0,0.0,0.0,0.0,0.0526,0.0,0.0526,0.0526,0.0526,0.0526,1
83,0.0,0.0,0.0,0.0,0.0,0.0526,0.0,0.1053,0.1053,0.0,0.3158,0.0526,0.0,0.0,0.0,0.0,0.0,0.0,0.2105,0.1579,0.0,0.0,0.0,0.0,0.0,0.0,0.0,0.1053,0.0,0.0,0.0,0.0,0.0,0.0,1
84,0.2105,0.0526,0.0,0.1579,0.0526,0.0,0.0526,0.1053,0.0,0.1579,0.1579,0.0,0.0,0.0,0.0,0.0,0.0,0.0,0.0526,0.0,0.0,0.0,0.0,0.0,0.0,0.0,0.0,0.0526,0.1579,0.0,0.0,0.0,0.0,0.0,1
85,0.1579,0.0526,0.0,0.6316,0.0,0.0,0.1579,0.0,0.0,0.0,0.0,0.0,0.0,0.0,0.0,0.0,0.0,0.0,0.0,0.0,0.0,0.0,0.0,0.0,0.0,0.0,0.0,0.0,0.0,0.1053,0.0,0.0,0.0,0.0,1
86,0.0,0.0,0.2105,0.0,0.0526,0.0,0.0,0.0,0.2105,0.0,0.1579,0.0,0.0,0.2632,0.0,0.0,0.0,0.0,0.0526,0.0526,0.0,0.0,0.0,0.0,0.0,0.0,0.0,0.0,0.0526,0.0,0.0526,0.0,0.0526,0.0526,1
87,0.0,0.0,0.0,0.0,0.0,0.0,0.0,0.0,0.0,0.6842,0.0526,0.0,0.0,0.1579,0.0526,0.0526,0.0,0.0,0.0,0.0,0.0,0.0,0.0,0.0,0.0,0.0,0.0,0.0526,0.0526,0.0,0.0,0.0,0.0,0.0,0
88,0.0,0.0,0.0,0.0526,0.0526,0.0,0.0,0.0,0.1579,0.2632,0.0,0.0,0.2632,0.0526,0.0,0.1053,0.0,0.0,0.0,0.0,0.0,0.0,0.0,0.0,0.0,0.0526,0.0,0.0,0.0,0.0526,0.0,0.0526,0.0,0.0,0
89,0.0,0.0,0.0,0.0,0.0,0.2105,0.0,0.0,0.0,0.0,0.0,0.0,0.5263,0.0,0.0526,0.0,0.0,0.0,0.0,0.0,0.0,0.2105,0.0,0.0,0.0,0.0,0.0,0.0,0.0,0.0526,0.0,0.0,0.0,0.0,1
90,0.0,0.0,0.0,0.0,0.0,0.0,0.0,0.0526,0.1053,0.0,0.5263,0.0,0.0,0.1053,0.0,0.0,0.0,0.0,0.0526,0.1579,0.0,0.0,0.0,0.0,0.0,0.0,0.0,0.0,0.0,0.0,0.0526,0.0,0.0,0.0526,1
91,0.0526,0.0,0.0,0.1579,0.0,0.0,0.0,0.0,0.3158,0.0,0.1579,0.0526,0.0526,0.1053,0.0,0.0,0.0,0.0,0.0,0.0,0.0,0.1053,0.0,0.0,0.0,0.0,0.0,0.0,0.1053,0.0526,0.0,0.0,0.0,0.0,1
92,0.0,0.0,0.0,0.1053,0.0,0.0,0.0,0.0,0.2105,0.2632,0.0526,0.0,0.0,0.0,0.0526,0.1053,0.1579,0.0,0.0526,0.0,0.0,0.0,0.0,0.0,0.0,0.0,0.0,0.1053,0.0,0.0526,0.0,0.0,0.0,0.0526,1
93,0.0,0.0,0.0,0.0,0.0,0.1579,0.0,0.0,0.1053,0.0526,0.3158,0.0,0.0,0.0,0.0526,0.0,0.0,0.0,0.0,0.3158,0.0,0.0,0.0,0.0,0.0,0.0,0.0,0.0526,0.0,0.0,0.0526,0.0,0.0,0.0,1
94,0.1053,0.0,0.3158,0.0526,0.0,0.0,0.0,0.1053,0.0,0.2632,0.0,0.0,0.0,0.0,0.0,0.0526,0.0,0.0,0.0,0.1053,0.0,0.0,0.0,0.0,0.0,0.0,0.0,0.0526,0.0526,0.0,0.0,0.0,0.0,0.0,0
95,0.0,0.0,0.0,0.0,0.0,0.0,0.0,0.0,0.0526,0.3158,0.3684,0.0,0.0,0.0,0.0,0.0526,0.0,0.0,0.0,0.2105,0.0,0.0,0.0,0.0,0.0,0.0,0.0,0.2105,0.0526,0.0,0.0,0.0,0.0,0.0,0
96,0.0,0.0,0.0,0.0,0.0,0.0526,0.0,0.0,0.4737,0.0,0.2632,0.0,0.0,0.1053,0.0,0.0,0.0,0.0,0.1053,0.0,0.0,0.0,0.0,0.0,0.0,0.0,0.0,0.0526,0.0,0.0,0.0526,0.1579,0.0,0.1053,1
97,0.0,0.0,0.0,0.1579,0.0526,0.0,0.0526,0.0526,0.3158,0.0526,0.0526,0.0,0.0,0.0526,0.1579,0.0,0.0,0.0,0.0526,0.0,0.0,0.0,0.0,0.0,0.0,0.0,0.0,0.0526,0.0526,0.0,0.0526,0.0,0.0526,0.1579,1
98,0.0,0.0526,0.0526,0.0,0.0526,0.0,0.0526,0.1579,0.4737,0.0526,0.0,0.0,0.0,0.1053,0.0,0.0,0.0,0.0,0.0,0.0,0.0,0.0,0.0,0.0,0.0,0.0,0.0,0.0526,0.1053,0.0,0.0,0.0526,0.0,0.0,1
99,0.2105,0.0526,0.0,0.1579,0.0526,0.0,0.0526,0.1053,0.0,0.1579,0.1579,0.0,0.0,0.0,0.0,0.0,0.0,0.0,0.0526,0.0,0.0,0.0,0.0,0.0,0.0,0.0,0.0,0.0526,0.1579,0.0,0.0,0.0,0.0,0.0,1
100,0.1579,0.0526,0.0,0.6316,0.0,0.0,0.1579,0.0,0.0,0.0,0.0,0.0,0.0,0.0,0.0,0.0,0.0,0.0,0.0,0.0,0.0,0.0,0.0,0.0,0.0,0.0,0.0,0.0,0.0,0.1053,0.0,0.0,0.0,0.0,1
101,0.0,0.0,0.2105,0.0,0.0526,0.0,0.0,0.0,0.2105,0.0,0.1579,0.0,0.0,0.2632,0.0,0.0,0.0,0.0,0.0526,0.0526,0.0,0.0,0.0,0.0,0.0,0.0,0.0,0.0,0.0526,0.0,0.0526,0.0,0.0526,0.0526,1
102,0.0,0.0,0.0,0.0,0.0,0.0,0.0,0.0,0.0,0.6842,0.0526,0.0,0.0,0.1579,0.0526,0.0526,0.0,0.0,0.0,0.0,0.0,0.0,0.0,0.0,0.0,0.0,0.0,0.0526,0.0526,0.0,0.0,0.0,0.0,0.0,0
103,0.0,0.0,0.0,0.0526,0.0526,0.0,0.0,0.0,0.1579,0.2632,0.0,0.0,0.2632,0.0526,0.0,0.1053,0.0,0.0,0.0,0.0,0.0,0.0,0.0,0.0,0.0,0.0526,0.0,0.0,0.0,0.0526,0.0,0.0526,0.0,0.0,0
104,0.0,0.0,0.0,0.0,0.0,0.2105,0.0,0.0,0.0,0.0,0.0,0.0,0.5263,0.0,0.0526,0.0,0.0,0.0,0.0,0.0,0.0,0.2105,0.0,0.0,0.0,0.0,0.0,0.0,0.0,0.0526,0.0,0.0,0.0,0.0,1
105,0.0,0.0,0.0,0.0,0.0,0.0,0.0,0.0526,0.1053,0.0,0.5263,0.0,0.0,0.1053,0.0,0.0,0.0,0.0,0.0526,0.1579,0.0,0.0,0.0,0.0,0.0,0.0,0.0,0.0,0.0,0.0,0.0526,0.0,0.0,0.0526,1
106,0.0526,0.0,0.0,0.1579,0.0,0.0,0.0,0.0,0.3158,0.0,0.1579,0.0526,0.0526,0.1053,0.0,0.0,0.0,0.0,0.0,0.0,0.0,0.1053,0.0,0.0,0.0,0.0,0.0,0.0,0.1053,0.0526,0.0,0.0,0.0,0.0,1
107,0.0,0.0,0.0,0.1053,0.0,0.0,0.0,0.0,0.2105,0.2632,0.0526,0.0,0.0,0.0,0.0526,0.1053,0.1579,0.0,0.0526,0.0,0.0,0.0,0.0,0.0,0.0,0.0,0.0,0.1053,0.0,0.0526,0.0,0.0,0.0,0.0526,1
108,0.0,0.0,0.0,0.0,0.0,0.1579,0.0,0.0,0.1053,0.0526,0.3158,0.0,0.0,0.0,0.0526,0.0,0.0,0.0,0.0,0.3158,0.0,0.0,0.0,0.0,0.0,0.0,0.0,0.0526,0.0,0.0,0.0526,0.0,0.0,0.0,1
109,0.1053,0.0,0.3158,0.0526,0.0,0.0,0.0,0.1053,0.0,0.2632,0.0,0.0,0.0,0.0,0.0,0.0526,0.0,0.0,0.0,0.1053,0.0,0.0,0.0,0.0,0.0,0.0,0.0,0.0526,0.0526,0.0,0.0,0.0,0.0,0.0,0
110,0.0,0.0,0.0,0.0,0.0,0.0,0.0,0.0,0.0526,0.3158,0.3684,0.0,0.0,0.0,0.0,0.0526,0.0,0.0,0.0,0.2105,0.0,0.0,0.0,0.0,0.0,0.0,0.0,0.2105,0.0526,0.0,0.0,0.0,0.0,0.0,0
111,0.0,0.0,0.0,0.0,0.0,0.0526,0.0,0.0,0.4737,0.0,0.2632,0.0,0.0,0.1053,0.0,0.0,0.0,0.0,0.1053,0.0,0.0,0.0,0.0,0.0,0.0,0.0,0.0,0.0526,0.0,0.0,0.0526,0.1579,0.0,0.1053,1
112,0.0,0.0,0.0,0.1579,0.0526,0.0,0.0526,0.0526,0.3158,0.0526,0.0526,0.0,0.0,0.0526,0.1579,0.0,0.0,0.0,0.0526,0.0,0.0,0.0,0.0,0.0,0.0,0.0,0.0,0.0526,0.0526,0.0,0.0526,0.0,0.0526,0.1579,1
113,0.0,0.0526,0.0526,0.0,0.0526,0.0,0.0526,0.1579,0.4737,0.0526,0.0,0.0,0.0,0.1053,0.0,0.0,0.0,0.0,0.0,0.0,0.0,0.0,0.0,0.0,0.0,0.0,0.0,0.0526,0.1053,0.0,0.0,0.0526,0.0,0.0,1
114,0.0526,0.0,0.1053,0.0526,0.1053,0.1579,0.0,0.0,0.0,0.2632,0.0,0.0526,0.1579,0.0,0.0,0.0526,0.0,0.0,0.0,0.0,0.0,0.0,0.0,0.0,0.0,0.0,0.0,0.1053,0.0526,0.0526,0.0,0.0,0.0,0.0,1
115,0.1579,0.0,0.1053,0.3684,0.0526,0.0,0.2105,0.0,0.0,0.0,0.0,0.0,0.0526,0.0526,0.0,0.0,0.0,0.0,0.0,0.0,0.0,0.0,0.0,0.0,0.0,0.0,0.0,0.1053,0.0526,0.0,0.0,0.0,0.0526,0.0,1
116,0.2105,0.0,0.2632,0.0526,0.0,0.0,0.0526,0.1053,0.2105,0.0,0.1053,0.0,0.0,0.0,0.0,0.0,0.0,0.0,0.0,0.0,0.0,0.0,0.0,0.0,0.0,0.0,0.0,0.0,0.0526,0.0,0.0526,0.0526,0.0,0.0,1
117,0.0526,0.0,0.2632,0.0526,0.0526,0.1579,0.2105,0.0,0.0,0.0,0.0,0.0,0.1579,0.0,0.0,0.0,0.0,0.0,0.0,0.0,0.0,0.0526,0.0,0.0,0.0,0.0,0.0,0.1579,0.0526,0.0526,0.0,0.0,0.0,0.0,1
118,0.2632,0.0,0.0,0.4211,0.0,0.0,0.1053,0.0,0.0,0.1579,0.0,0.0,0.0526,0.0,0.0,0.0,0.0,0.0,0.0,0.0,0.0,0.0,0.0,0.0,0.0,0.0,0.0,0.0,0.2105,0.0,0.0,0.0,0.0526,0.0,1
119,0.4211,0.1053,0.0,0.2105,0.0,0.0,0.0526,0.0,0.0,0.0,0.0,0.0,0.0526,0.0,0.0526,0.0,0.0,0.0,0.0,0.1053,0.0,0.0,0.0,0.0,0.0,0.0,0.0,0.0,0.0,0.0526,0.0,0.0,0.0,0.0,1
120,0.0526,0.0526,0.0,0.0526,0.0526,0.0526,0.0,0.0,0.1579,0.0,0.1579,0.1053,0.0526,0.0,0.0526,0.0,0.0,0.0,0.0526,0.1579,0.0,0.0,0.0,0.0,0.0,0.0,0.0,0.0,0.0526,0.0,0.0526,0.0,0.0,0.0,1
121,0.0526,0.0,0.1053,0.0526,0.0526,0.0,0.0526,0.0,0.2632,0.0526,0.2632,0.0,0.0,0.0,0.0526,0.0,0.0,0.0,0.0526,0.0,0.0,0.0,0.0,0.0,0.0,0.0,0.0,0.0526,0.0526,0.0,0.1053,0.0,0.0,0.0526,0
122,0.0,0.0,0.0526,0.0,0.0,0.0,0.0,0.0,0.4737,0.0526,0.3158,0.0,0.0,0.0526,0.0,0.0,0.0,0.0,0.0526,0.0,0.0,0.0,0.0,0.0,0.0,0.0,0.0,0.0,0.0526,0.0,0.0526,0.0,0.0526,0.0526,0
123,0.0,0.0,0.0,0.0,0.0,0.0526,0.0,0.0,0.0526,0.0,0.3158,0.0,0.0,0.0,0.0526,0.0,0.0,0.0,0.0526,0.2105,0.0,0.0,0.0,0.1579,0.1053,0.0,0.0,0.0,0.0,0.0,0.0526,0.0,0.0,0.0,1
124,0.1579,0.0,0.0,0.0526,0.0,0.0,0.0526,0.0,0.1053,0.0,0.0526,0.0,0.0,0.0,0.0,0.0,0.0,0.0,0.0,0.1579,0.0,0.0,0.0,0.0,0.3684,0.0,0.0526,0.1053,0.1579,0.0,0.0,0.0,0.0,0.0,1
125,0.0,0.0,0.0,0.0,0.0,0.0,0.0,0.0,0.4737,0.0526,0.1053,0.0,0.0,0.2105,0.1579,0.0,0.0,0.0,0.0,0.0,0.0,0.0,0.0,0.0,0.0,0.0,0.0,0.0,0.0,0.0,0.1579,0.0526,0.0,0.0526,0
126,0.0,0.0,0.0,0.1579,0.0,0.0,0.0526,0.0526,0.6316,0.0,0.0526,0.0,0.0,0.0526,0.0,0.0,0.0,0.0,0.0,0.0,0.0,0.0,0.0,0.0,0.0,0.0,0.0,0.0,0.1053,0.0,0.0526,0.0,0.0526,0.0,0
127,0.0,0.0,0.0,0.0,0.0,0.0526,0.0,0.0,0.0,0.1579,0.0,0.0,0.6842,0.0,0.0,0.0,0.0,0.0,0.0,0.0,0.0526,0.0,0.0,0.0,0.0,0.0526,0.0,0.0526,0.0,0.0,0.0,0.0,0.0,0.0,0
128,0.0,0.0,0.0526,0.0,0.0526,0.0526,0.0,0.2105,0.3684,0.0,0.0,0.0,0.0,0.1579,0.0526,0.0,0.0,0.0,0.0526,0.0,0.0,0.0,0.0,0.0,0.0,0.0,0.0,0.0526,0.1579,0.0,0.0526,0.0,0.0,0.0,1
129,0.0526,0.1053,0.0,0.2105,0.0,0.0,0.1053,0.0,0.0,0.0,0.1053,0.0,0.0,0.0,0.0,0.0,0.1579,0.0,0.0,0.1053,0.0,0.0,0.0,0.0,0.1053,0.0,0.0526,0.1053,0.0,0.1053,0.0,0.0,0.0,0.0,1
130,0.2105,0.0,0.0,0.2632,0.0,0.0526,0.1053,0.0,0.1579,0.0,0.0,0.0,0.0,0.0526,0.0,0.0,0.1053,0.0,0.0,0.0,0.0,0.0,0.0,0.0,0.0526,0.0,0.0,0.0526,0.0,0.0526,0.0,0.0,0.0526,0.0526,1
131,0.1053,0.0,0.0526,0.0526,0.0,0.0,0.0,0.0526,0.1053,0.0,0.1053,0.0,0.0,0.2632,0.0,0.0,0.0,0.0,0.0526,0.2105,0.0,0.0,0.0,0.0,0.0,0.0,0.0,0.1579,0.0526,0.0,0.0526,0.0,0.0,0.0,1
132,0.1579,0.0526,0.0,0.0526,0.2105,0.1053,0.1053,0.0,0.0,0.0,0.0,0.0526,0.1579,0.0,0.0,0.0,0.0,0.0,0.0,0.0526,0.0,0.0526,0.0,0.0,0.0,0.0,0.0,0.0,0.1053,0.0,0.0,0.0,0.0,0.0,1
133,0.0526,0.1579,0.1053,0.2632,0.0,0.0526,0.0,0.0526,0.2105,0.0526,0.0,0.0,0.0,0.0,0.0526,0.0,0.0,0.0,0.0,0.0,0.0,0.0,0.0,0.0,0.0,0.0,0.0,0.0,0.0526,0.1053,0.1053,0.0,0.0,0.0,1
134,0.2105,0.1579,0.1579,0.1579,0.0,0.0,0.2632,0.0,0.0,0.0,0.0,0.0,0.0,0.0526,0.0,0.0,0.0,0.0,0.0,0.0,0.0,0.0,0.0,0.0,0.0,0.0,0.0,0.0,0.0526,0.0,0.0,0.0,0.0,0.0,0
135,0.0,0.0,0.0526,0.0,0.0,0.0,0.0,0.0526,0.4211,0.0,0.0526,0.0,0.0,0.1053,0.0526,0.0,0.0,0.0,0.0526,0.2105,0.0,0.0,0.0,0.0,0.0,0.0,0.0,0.0,0.1053,0.0,0.0,0.0,0.0,0.0,1
136,0.1053,0.0,0.0,0.2105,0.0,0.0526,0.0526,0.0,0.0,0.4211,0.0,0.0,0.0,0.0,0.0526,0.0526,0.0,0.0,0.0,0.0,0.0526,0.0,0.0,0.0,0.0,0.0,0.0,0.0,0.1579,0.0,0.0,0.0,0.0,0.0,0
137,0.3684,0.1579,0.0,0.2105,0.0,0.0,0.1053,0.0,0.0526,0.0,0.0,0.0,0.0,0.0,0.0,0.0,0.0,0.0,0.0,0.0,0.0,0.0,0.0,0.0526,0.0526,0.0,0.0,0.1053,0.0,0.0526,0.0,0.0,0.0,0.0,1
138,0.0,0.0,0.0526,0.2105,0.0,0.0,0.0526,0.0526,0.3684,0.0,0.1053,0.0,0.0,0.1053,0.0,0.0,0.0,0.0,0.0,0.0526,0.0,0.0,0.0,0.0,0.0,0.0,0.0,0.0526,0.0526,0.0,0.1053,0.0,0.0,0.0,1
139,0.0,0.0526,0.0,0.2105,0.0526,0.0,0.1579,0.0,0.0526,0.4211,0.0,0.0,0.0,0.0,0.0,0.0526,0.0,0.0,0.0,0.0,0.0,0.0,0.0,0.0,0.0,0.0,0.0,0.0526,0.0,0.0,0.0,0.0,0.0,0.0,1
140,0.0,0.0,0.0526,0.0,0.0,0.0,0.0,0.0526,0.3158,0.2632,0.1579,0.0,0.0,0.0526,0.0,0.1053,0.0,0.0,0.0,0.0,0.0,0.0,0.0,0.0,0.0,0.0,0.0,0.0,0.1579,0.0,0.0,0.0,0.0,0.0526,1
141,0.0,0.0526,0.0,0.5789,0.0,0.0,0.0,0.0,0.0,0.0,0.0,0.0,0.0,0.0,0.0,0.0,0.2105,0.0,0.0,0.0,0.0,0.0,0.1053,0.0,0.0526,0.0,0.0,0.0,0.0,0.0526,0.0,0.0,0.0526,0.0,1
142,0.0526,0.0,0.0526,0.7368,0.0,0.0,0.1053,0.0,0.0,0.0,0.0,0.0,0.0,0.0,0.0526,0.0,0.0,0.0,0.0,0.0,0.0,0.0,0.0,0.0,0.0,0.0,0.0,0.0,0.1579,0.0526,0.0,0.0,0.0526,0.0,1
143,0.0526,0.0,0.0526,0.0,0.0,0.1053,0.0,0.0526,0.3684,0.0,0.1053,0.0,0.0,0.1053,0.0,0.0,0.0,0.0,0.0,0.1053,0.0,0.0526,0.0,0.0,0.0,0.0,0.0,0.0526,0.1053,0.0,0.0,0.0,0.0,0.0526,1
144,0.0526,0.0,0.0526,0.0,0.0,0.0,0.0,0.1053,0.2632,0.0,0.2105,0.0,0.0,0.0,0.0526,0.0,0.0,0.0,0.1053,0.1579,0.0,0.0,0.0,0.0,0.0,0.0,0.0,0.0526,0.0,0.0,0.0526,0.0526,0.0,0.0,1
145,0.1579,0.0,0.0526,0.2105,0.0,0.0526,0.0,0.1053,0.1053,0.0,0.0526,0.0,0.1053,0.0526,0.0,0.0,0.0,0.0,0.1053,0.0,0.0,0.0,0.0,0.0,0.0,0.0,0.0,0.1053,0.1053,0.0,0.0,0.0,0.0,0.0,1
146,0.3158,0.0,0.3158,0.2632,0.0526,0.0,0.0,0.0526,0.0,0.0,0.0,0.0,0.0,0.0,0.0,0.0,0.0,0.0,0.0,0.0,0.0,0.0,0.0,0.0,0.0,0.0,0.0,0.0526,0.0526,0.0526,0.0,0.0,0.0,0.0,1
147,0.0,0.0,0.0,0.0526,0.0,0.0,0.0526,0.0,0.5263,0.2632,0.0,0.0,0.0,0.0526,0.0,0.0,0.0,0.0,0.0526,0.0,0.0,0.0,0.0,0.0,0.0,0.0,0.0,0.0526,0.1053,0.0,0.0526,0.0,0.0526,0.0,0
148,0.0526,0.0,0.1053,0.2105,0.0,0.0,0.1579,0.0,0.1579,0.0,0.1053,0.0,0.0,0.1053,0.1053,0.0,0.0,0.0,0.0,0.0,0.0,0.0,0.0,0.0,0.0,0.0,0.0,0.0,0.0526,0.1053,0.0526,0.0526,0.0,0.0,1
149,0.0,0.0,0.0526,0.0,0.0,0.1579,0.0,0.0526,0.1053,0.0,0.5263,0.0,0.0,0.0,0.0,0.0,0.0,0.0,0.0526,0.0,0.0526,0.0,0.0,0.0,0.0,0.0,0.0,0.0526,0.0526,0.0,0.0526,0.0,0.0,0.0,1
150,0.0526,0.0,0.0,0.1579,0.0526,0.1053,0.2105,0.0526,0.0,0.0,0.0,0.0,0.1579,0.0,0.0,0.0,0.0,0.0,0.0,0.0,0.0,0.2105,0.0,0.0,0.0,0.0,0.0,0.0,0.0526,0.0526,0.0,0.0,0.0,0.0,1
151,0.0,0.0,0.0,0.3684,0.0,0.0,0.0526,0.0,0.0,0.0,0.0,0.0,0.0,0.0,0.1053,0.0,0.2632,0.0,0.0,0.0,0.0,0.0,0.0526,0.0,0.1053,0.0,0.0526,0.0,0.1053,0.0,0.0,0.0,0.0,0.0,1
152,0.0,0.0,0.0,0.0526,0.0,0.0,0.0,0.0,0.3684,0.0,0.0,0.0,0.0,0.0,0.0526,0.0,0.3684,0.0,0.0526,0.0,0.0,0.0,0.0,0.0,0.0526,0.0,0.0526,0.0,0.0,0.0526,0.0526,0.0526,0.0,0.0,1
153,0.1053,0.0,0.0,0.0526,0.0,0.0526,0.0,0.0,0.2105,0.0,0.1579,0.0,0.0,0.0526,0.0,0.0,0.2105,0.0,0.0,0.0526,0.0,0.0,0.0,0.0526,0.0526,0.0,0.0,0.1053,0.0,0.0,0.0526,0.0,0.0,0.0,0
154,0.0526,0.0,0.1579,0.0,0.0,0.0,0.0,0.1053,0.0,0.4211,0.0,0.0,0.0,0.0526,0.0,0.0526,0.0,0.0,0.0526,0.0,0.1053,0.0,0.0,0.0,0.0,0.0,0.0,0.1053,0.0526,0.0,0.0,0.0,0.0,0.0,0
155,0.0526,0.0,0.2632,0.1053,0.0526,0.0,0.2105,0.0,0.1053,0.0,0.0,0.0,0.1579,0.0,0.0,0.0,0.0,0.0,0.0,0.0,0.0,0.0526,0.0,0.0,0.0,0.0,0.0,0.0,0.0526,0.0,0.0,0.0,0.0,0.0,1
156,0.0,0.0,0.0526,0.0,0.0,0.0,0.0,0.0,0.3684,0.0,0.0526,0.0526,0.0526,0.1053,0.0526,0.0,0.0,0.0,0.0526,0.0,0.0,0.2105,0.0,0.0,0.0,0.0,0.0,0.0,0.0526,0.0526,0.0526,0.0,0.0,0.0,1
157,0.0,0.0,0.1579,0.0526,0.0,0.0,0.0,0.0,0.0,0.4737,0.0,0.0,0.1053,0.0526,0.0,0.1053,0.0,0.0,0.0,0.0,0.0,0.0526,0.0,0.0,0.0,0.0,0.0,0.0526,0.1053,0.0,0.0,0.0,0.0,0.0,1
158,0.0526,0.0526,0.0526,0.0526,0.0,0.0,0.1053,0.1579,0.1579,0.0,0.1579,0.0,0.0,0.0526,0.1053,0.0,0.0,0.0,0.0,0.0526,0.0,0.0,0.0,0.0,0.0,0.0,0.0,0.1579,0.0,0.0,0.0526,0.0,0.0,0.0,1
159,0.0,0.0,0.1053,0.0526,0.0,0.0,0.0,0.0,0.6316,0.0,0.0526,0.0,0.0,0.1053,0.0,0.0,0.0,0.0,0.0,0.0526,0.0,0.0,0.0,0.0,0.0,0.0,0.0,0.0,0.0526,0.0,0.0526,0.0526,0.0526,0.1579,1
160,0.0,0.0,0.0,0.1579,0.0,0.0,0.0,0.0,0.6316,0.1053,0.0,0.0,0.0,0.1053,0.0,0.0,0.0,0.0,0.0,0.0,0.0,0.0,0.0,0.0,0.0,0.0,0.0,0.0526,0.1579,0.0,0.0526,0.1053,0.0,0.0,1
161,0.0526,0.1053,0.0,0.1579,0.0,0.0,0.0,0.0,0.0,0.0,0.1053,0.0,0.0,0.0,0.0,0.0,0.2632,0.0,0.0,0.0,0.0,0.0,0.0,0.2105,0.1053,0.0,0.0,0.1579,0.0526,0.0526,0.0,0.0,0.0,0.0,1
162,0.0526,0.0,0.0526,0.0526,0.0,0.0,0.0,0.0526,0.5789,0.0,0.1053,0.0,0.0,0.0526,0.0,0.0,0.0,0.0,0.0526,0.0,0.0,0.0,0.0,0.0,0.0,0.0,0.0,0.0,0.0526,0.0,0.1579,0.0526,0.0,0.0526,1
163,0.0,0.0,0.0,0.0,0.0,0.2105,0.0,0.0,0.1053,0.1579,0.1053,0.0,0.2105,0.2105,0.0,0.0,0.0,0.0,0.0,0.0,0.0,0.0,0.0,0.0,0.0,0.0,0.0,0.0,0.0,0.0,0.0526,0.0,0.0,0.0526,1
164,0.0526,0.0,0.2632,0.0,0.0,0.0,0.0,0.1053,0.0526,0.3158,0.0,0.0,0.0,0.1053,0.0,0.0,0.0,0.0,0.0526,0.0526,0.0,0.0,0.0,0.0,0.0,0.0,0.0,0.0526,0.0,0.0,0.0,0.0,0.0,0.0,1
165,0.0,0.0,0.0,0.1579,0.0,0.0,0.0,0.0,0.0526,0.0,0.0526,0.0,0.0526,0.0526,0.1053,0.0,0.0,0.0,0.1579,0.3158,0.0,0.0,0.0,0.0,0.0,0.0526,0.0,0.0,0.0,0.0,0.0526,0.0,0.0,0.0,1
166,0.0,0.0,0.0,0.1053,0.0,0.1053,0.0,0.0,0.0,0.0,0.0526,0.1053,0.4211,0.0526,0.0,0.0,0.0,0.0,0.0,0.0,0.0,0.0526,0.0,0.0,0.0,0.1053,0.0,0.0,0.1053,0.0,0.0,0.0,0.0,0.0,1
167,0.0526,0.0,0.0,0.3158,0.0,0.0,0.0,0.0,0.2105,0.2105,0.0526,0.0,0.0,0.0526,0.0,0.0526,0.0,0.0,0.0,0.0,0.0526,0.0,0.0,0.0,0.0,0.0,0.0,0.0,0.0526,0.0,0.0,0.0,0.0,0.0,1
168,0.0,0.0,0.0526,0.0526,0.0,0.0,0.0,0.0,0.1053,0.2105,0.0,0.0,0.2632,0.0,0.0,0.1579,0.0,0.0,0.0,0.0,0.0,0.1579,0.0,0.0,0.0,0.0,0.0,0.0,0.0526,0.0,0.0,0.0,0.0,0.0,1
169,0.0,0.0,0.0,0.0,0.0,0.0,0.0,0.0,0.1053,0.4211,0.3158,0.0,0.0,0.0526,0.0526,0.0526,0.0,0.0,0.0,0.0,0.0,0.0,0.0,0.0,0.0,0.0,0.0,0.0,0.1053,0.0,0.1053,0.0,0.0,0.0,0
170,0.0526,0.0,0.2105,0.0526,0.0526,0.0,0.0,0.0526,0.0,0.4737,0.0,0.0,0.0,0.0,0.0,0.0526,0.0,0.0,0.0,0.0,0.0526,0.0,0.0,0.0,0.0,0.0,0.0,0.1579,0.0526,0.0526,0.0,0.0,0.0,0.0,1
171,0.1579,0.0,0.0,0.1579,0.0,0.0,0.0,0.0,0.0,0.4737,0.0,0.0,0.0,0.0,0.0,0.2105,0.0,0.0,0.0,0.0,0.0,0.0,0.0,0.0,0.0,0.0,0.0,0.0526,0.1053,0.0,0.0,0.0,0.0,0.0,1
172,0.2105,0.1579,0.0526,0.1579,0.0526,0.0,0.0526,0.0,0.2632,0.0,0.0,0.0,0.0,0.0,0.0,0.0,0.0,0.0,0.0526,0.0,0.0,0.0,0.0,0.0,0.0,0.0,0.0,0.0526,0.0526,0.0526,0.0526,0.0,0.0,0.0526,1
173,0.0,0.0526,0.0526,0.0526,0.0,0.0,0.0,0.1053,0.1053,0.0,0.2105,0.0,0.0,0.1053,0.1579,0.0,0.0,0.0,0.1053,0.0,0.0,0.0526,0.0,0.0,0.0,0.0,0.0,0.0526,0.0,0.0,0.0,0.0,0.0,0.0,1
174,0.0,0.0,0.1053,0.0526,0.0,0.0,0.0,0.0,0.6316,0.0,0.0526,0.0,0.0,0.1053,0.0,0.0,0.0,0.0,0.0,0.0526,0.0,0.0,0.0,0.0,0.0,0.0,0.0,0.0,0.0526,0.0,0.0526,0.0526,0.0526,0.1579,1
175,0.0,0.0,0.0,0.1579,0.0,0.0,0.0,0.0,0.6316,0.1053,0.0,0.0,0.0,0.1053,0.0,0.0,0.0,0.0,0.0,0.0,0.0,0.0,0.0,0.0,0.0,0.0,0.0,0.0526,0.1579,0.0,0.0526,0.1053,0.0,0.0,1
176,0.0526,0.1053,0.0,0.1579,0.0,0.0,0.0,0.0,0.0,0.0,0.1053,0.0,0.0,0.0,0.0,0.0,0.2632,0.0,0.0,0.0,0.0,0.0,0.0,0.2105,0.1053,0.0,0.0,0.1579,0.0526,0.0526,0.0,0.0,0.0,0.0,1
177,0.0526,0.0,0.0526,0.0526,0.0,0.0,0.0,0.0526,0.5789,0.0,0.1053,0.0,0.0,0.0526,0.0,0.0,0.0,0.0,0.0526,0.0,0.0,0.0,0.0,0.0,0.0,0.0,0.0,0.0,0.0526,0.0,0.1579,0.0526,0.0,0.0526,1
178,0.0,0.0,0.0,0.0,0.0,0.2105,0.0,0.0,0.1053,0.1579,0.1053,0.0,0.2105,0.2105,0.0,0.0,0.0,0.0,0.0,0.0,0.0,0.0,0.0,0.0,0.0,0.0,0.0,0.0,0.0,0.0,0.0526,0.0,0.0,0.0526,1
179,0.0526,0.0,0.2632,0.0,0.0,0.0,0.0,0.1053,0.0526,0.3158,0.0,0.0,0.0,0.1053,0.0,0.0,0.0,0.0,0.0526,0.0526,0.0,0.0,0.0,0.0,0.0,0.0,0.0,0.0526,0.0,0.0,0.0,0.0,0.0,0.0,1
180,0.0,0.0,0.0,0.1579,0.0,0.0,0.0,0.0,0.0526,0.0,0.0526,0.0,0.0526,0.0526,0.1053,0.0,0.0,0.0,0.1579,0.3158,0.0,0.0,0.0,0.0,0.0,0.0526,0.0,0.0,0.0,0.0,0.0526,0.0,0.0,0.0,1
181,0.0,0.0,0.0,0.1053,0.0,0.1053,0.0,0.0,0.0,0.0,0.0526,0.1053,0.4211,0.0526,0.0,0.0,0.0,0.0,0.0,0.0,0.0,0.0526,0.0,0.0,0.0,0.1053,0.0,0.0,0.1053,0.0,0.0,0.0,0.0,0.0,1
182,0.0526,0.0,0.0,0.3158,0.0,0.0,0.0,0.0,0.2105,0.2105,0.0526,0.0,0.0,0.0526,0.0,0.0526,0.0,0.0,0.0,0.0,0.0526,0.0,0.0,0.0,0.0,0.0,0.0,0.0,0.0526,0.0,0.0,0.0,0.0,0.0,1
183,0.0,0.0,0.0526,0.0526,0.0,0.0,0.0,0.0,0.1053,0.2105,0.0,0.0,0.2632,0.0,0.0,0.1579,0.0,0.0,0.0,0.0,0.0,0.1579,0.0,0.0,0.0,0.0,0.0,0.0,0.0526,0.0,0.0,0.0,0.0,0.0,1
184,0.0,0.0,0.0,0.0,0.0,0.0,0.0,0.0,0.1053,0.4211,0.3158,0.0,0.0,0.0526,0.0526,0.0526,0.0,0.0,0.0,0.0,0.0,0.0,0.0,0.0,0.0,0.0,0.0,0.0,0.1053,0.0,0.1053,0.0,0.0,0.0,0
185,0.0526,0.0,0.2105,0.0526,0.0526,0.0,0.0,0.0526,0.0,0.4737,0.0,0.0,0.0,0.0,0.0,0.0526,0.0,0.0,0.0,0.0,0.0526,0.0,0.0,0.0,0.0,0.0,0.0,0.1579,0.0526,0.0526,0.0,0.0,0.0,0.0,1
186,0.1579,0.0,0.0,0.1579,0.0,0.0,0.0,0.0,0.0,0.4737,0.0,0.0,0.0,0.0,0.0,0.2105,0.0,0.0,0.0,0.0,0.0,0.0,0.0,0.0,0.0,0.0,0.0,0.0526,0.1053,0.0,0.0,0.0,0.0,0.0,1
187,0.2105,0.1579,0.0526,0.1579,0.0526,0.0,0.0526,0.0,0.2632,0.0,0.0,0.0,0.0,0.0,0.0,0.0,0.0,0.0,0.0526,0.0,0.0,0.0,0.0,0.0,0.0,0.0,0.0,0.0526,0.0526,0.0526,0.0526,0.0,0.0,0.0526,1
188,0.0,0.0526,0.0526,0.0526,0.0,0.0,0.0,0.1053,0.1053,0.0,0.2105,0.0,0.0,0.1053,0.1579,0.0,0.0,0.0,0.1053,0.0,0.0,0.0526,0.0,0.0,0.0,0.0,0.0,0.0526,0.0,0.0,0.0,0.0,0.0,0.0,1
189,0.0,0.1053,0.0,0.3684,0.0,0.0,0.0,0.0,0.1053,0.0,0.1053,0.0,0.0,0.0,0.0526,0.0,0.1579,0.0,0.0526,0.0526,0.0,0.0,0.0,0.0,0.0,0.0,0.0,0.0526,0.1579,0.0,0.0,0.0526,0.0,0.0,1
190,0.0,0.0,0.0,0.1579,0.0,0.0,0.0526,0.0,0.4211,0.0,0.1053,0.0,0.0,0.0526,0.0,0.0,0.0526,0.0,0.0526,0.0,0.0,0.0,0.0526,0.0526,0.0,0.0,0.0,0.0,0.1053,0.0,0.1053,0.0,0.0,0.0526,1
191,0.0526,0.0,0.0526,0.0,0.0,0.0,0.0,0.0526,0.1579,0.3158,0.0526,0.0,0.0,0.0,0.0526,0.0526,0.0,0.0,0.2105,0.0,0.0,0.0,0.0,0.0,0.0,0.0,0.0,0.0526,0.0526,0.0,0.0,0.0,0.0,0.0,1
192,0.0,0.0,0.0,0.0,0.0,0.0,0.0,0.0,0.4211,0.0,0.1579,0.0,0.0,0.0526,0.0526,0.0,0.1579,0.0,0.0526,0.0526,0.0,0.0,0.0526,0.0,0.0,0.0,0.0,0.0,0.0526,0.0,0.1053,0.0,0.0,0.0526,1
193,0.0,0.0,0.0526,0.0,0.0,0.0,0.0,0.0,0.1579,0.3684,0.1579,0.0,0.0,0.1579,0.0,0.0526,0.0,0.0,0.0,0.0,0.0526,0.0,0.0,0.0,0.0,0.0,0.0,0.1579,0.1053,0.0,0.0,0.0,0.0,0.0526,0
194,0.1053,0.1579,0.2632,0.0526,0.0,0.0,0.0,0.0526,0.1579,0.0,0.1053,0.0,0.0,0.0,0.0526,0.0,0.0,0.0,0.0,0.0526,0.0,0.0,0.0,0.0,0.0,0.0,0.0,0.1053,0.0,0.0,0.0,0.0,0.0526,0.0,1
195,0.1579,0.1053,0.0526,0.4211,0.0,0.0,0.1579,0.0,0.0,0.1053,0.0,0.0,0.0,0.0,0.0,0.0,0.0,0.0,0.0,0.0,0.0,0.0,0.0,0.0,0.0,0.0,0.0,0.0,0.0526,0.0526,0.0,0.0,0.0526,0.0,1
196,0.0,0.0,0.0526,0.0,0.0,0.0526,0.0,0.0,0.1053,0.3158,0.0,0.0,0.1579,0.0526,0.1053,0.0526,0.0,0.0,0.0,0.0,0.0,0.1053,0.0,0.0,0.0,0.0,0.0,0.0526,0.0526,0.0,0.0,0.0,0.0,0.0,1
197,0.1579,0.0,0.1053,0.3684,0.0,0.0,0.1053,0.0,0.0,0.2632,0.0,0.0,0.0,0.0,0.0,0.0,0.0,0.0,0.0,0.0,0.0,0.0,0.0,0.0,0.0,0.0,0.0,0.1053,0.1053,0.0,0.0,0.0,0.0,0.0,1
198,0.0,0.0,0.0,0.2632,0.0,0.0,0.0526,0.0,0.0,0.4211,0.0,0.0,0.0,0.0,0.0,0.0,0.2105,0.0,0.0,0.0,0.0,0.0,0.0526,0.0,0.0,0.0,0.0,0.0526,0.0,0.0,0.0,0.0,0.0,0.0,0
199,0.0,0.0,0.0,0.0,0.0,0.0,0.0,0.0526,0.4737,0.1053,0.2105,0.0,0.0,0.1053,0.0,0.0,0.0,0.0,0.0,0.0526,0.0,0.0,0.0,0.0,0.0,0.0,0.0,0.0,0.0526,0.0,0.1053,0.0,0.0,0.0526,1
200,0.0,0.0,0.0,0.0,0.0,0.0,0.0,0.1053,0.1579,0.3158,0.0526,0.0526,0.2632,0.0,0.0,0.0,0.0,0.0,0.0,0.0526,0.0,0.0,0.0,0.0,0.0,0.0,0.0,0.0526,0.0,0.0,0.0,0.0526,0.0,0.0,0
201,0.4211,0.0526,0.0,0.2105,0.0,0.0,0.1579,0.0,0.0,0.1579,0.0,0.0,0.0,0.0,0.0,0.0,0.0,0.0,0.0,0.0,0.0,0.0,0.0,0.0,0.0,0.0,0.0,0.0526,0.0526,0.1053,0.0,0.0,0.0,0.0,0
202,0.1053,0.0,0.1053,0.0526,0.0,0.0,0.0526,0.1579,0.0526,0.2632,0.1053,0.0,0.0,0.0,0.0,0.0,0.0,0.0,0.0,0.0526,0.0526,0.0,0.0,0.0,0.0,0.0,0.0,0.1053,0.1579,0.0,0.0,0.0,0.0,0.0,0
203,0.3158,0.0,0.0,0.3158,0.0526,0.0526,0.0526,0.0,0.0,0.0,0.0,0.0,0.0526,0.0,0.0,0.0,0.0,0.0,0.0,0.0,0.0,0.1053,0.0,0.0,0.0526,0.0,0.0,0.1053,0.1053,0.0526,0.0,0.0,0.0,0.0,1
204,0.0526,0.0,0.3684,0.0,0.0,0.0,0.0,0.0,0.1053,0.2105,0.0,0.0,0.0,0.0,0.1579,0.0,0.0,0.0,0.0,0.0,0.0,0.1053,0.0,0.0,0.0,0.0,0.0,0.1053,0.1053,0.0,0.0526,0.0,0.0,0.0,1
205,0.0526,0.0,0.1579,0.1053,0.0526,0.0,0.1053,0.0526,0.0,0.3158,0.1053,0.0,0.0,0.0,0.0,0.0,0.0,0.0,0.0,0.0,0.0526,0.0,0.0,0.0,0.0,0.0,0.0,0.0526,0.1053,0.0526,0.0526,0.0,0.0,0.0,0
206,0.0526,0.0526,0.1579,0.0,0.0,0.0,0.0526,0.0,0.2105,0.0,0.1053,0.0,0.0,0.1053,0.0,0.0,0.0,0.0,0.1579,0.0526,0.0,0.0526,0.0,0.0,0.0,0.0,0.0,0.0,0.1053,0.0,0.0526,0.1053,0.0,0.0,1
207,0.0526,0.0,0.0526,0.0,0.0,0.0,0.0,0.0526,0.2105,0.2632,0.1579,0.0,0.0,0.0526,0.0,0.0,0.0,0.0,0.0526,0.1053,0.0,0.0,0.0,0.0,0.0,0.0,0.0,0.1053,0.0526,0.0,0.1053,0.0,0.0,0.0,1
208,0.1579,0.0526,0.0,0.0526,0.0526,0.0,0.0,0.0,0.3158,0.0,0.2105,0.0,0.0,0.0526,0.0,0.0,0.0,0.0,0.0,0.1053,0.0,0.0,0.0,0.0,0.0,0.0,0.0,0.0526,0.0526,0.0,0.0,0.0526,0.0,0.0,1
209,0.0,0.0,0.0526,0.2632,0.0,0.0,0.1053,0.0,0.4211,0.0,0.0526,0.0,0.0,0.0,0.0,0.0,0.0,0.0,0.1053,0.0,0.0,0.0,0.0,0.0,0.0,0.0,0.0,0.0,0.0,0.0,0.1053,0.0526,0.0,0.0,1
210,0.0,0.0,0.0,0.1053,0.0,0.1053,0.0,0.0,0.0526,0.1053,0.0526,0.0,0.4211,0.0526,0.0,0.0,0.0,0.0,0.0,0.0,0.0,0.1053,0.0,0.0,0.0,0.0,0.0,0.0,0.0,0.0526,0.0,0.0,0.0,0.0,1
211,0.0526,0.1053,0.1579,0.1053,0.0,0.0,0.0,0.0,0.0,0.4211,0.0,0.0,0.0526,0.0,0.0,0.0526,0.0,0.0,0.0,0.0,0.0526,0.0,0.0,0.0,0.0,0.0,0.0,0.0526,0.0526,0.0526,0.0,0.0,0.0,0.0,1
212,0.0,0.1579,0.1579,0.0526,0.0,0.0526,0.0,0.1053,0.1053,0.0526,0.0,0.0,0.1579,0.0,0.0,0.0,0.0,0.0,0.0,0.1579,0.0,0.0,0.0,0.0,0.0,0.0,0.0,0.0,0.0526,0.0,0.0,0.1053,0.0,0.0,1
213,0.0526,0.0,0.0,0.1579,0.0,0.0,0.0,0.0,0.2105,0.0526,0.0,0.0,0.0,0.0,0.1579,0.0,0.3158,0.0,0.0,0.0,0.0,0.0,0.0526,0.0,0.0,0.0,0.0,0.0,0.0526,0.0,0.0,0.0526,0.0526,0.0,1
214,0.0526,0.2632,0.0,0.0526,0.0,0.0526,0.0,0.0526,0.1053,0.1053,0.0526,0.1053,0.0,0.0526,0.0,0.0,0.0,0.0,0.0,0.1053,0.0,0.0,0.0,0.0,0.0,0.0,0.0,0.0,0.0526,0.0,0.0,0.0526,0.0,0.0,0
215,0.0,0.0,0.0526,0.0,0.0,0.0,0.0,0.0,0.2632,0.3158,0.2632,0.0,0.0,0.0526,0.0,0.0526,0.0,0.0,0.0,0.0,0.0,0.0,0.0,0.0,0.0,0.0,0.0,0.0,0.1053,0.0,0.0,0.0,0.0526,0.0,0
216,0.0526,0.0,0.1579,0.0,0.0,0.0,0.0,0.3158,0.0,0.0,0.3158,0.0,0.0,0.0,0.0,0.0,0.0,0.0,0.1053,0.0526,0.0,0.0,0.0,0.0,0.0,0.0,0.0,0.2105,0.0,0.0,0.0,0.0,0.0,0.0,1
217,0.0,0.0,0.0,0.0526,0.0,0.0526,0.0,0.0,0.0526,0.0,0.1053,0.2632,0.0,0.2105,0.0526,0.0,0.0,0.0,0.0,0.2105,0.0,0.0,0.0,0.0,0.0,0.0,0.0,0.0526,0.0,0.0,0.0,0.0,0.0,0.0526,1
218,0.0,0.0,0.1053,0.0,0.0,0.0,0.0,0.0,0.3684,0.2632,0.0,0.0,0.0,0.0526,0.0526,0.1053,0.0,0.0,0.0526,0.0,0.0,0.0,0.0,0.0,0.0,0.0,0.0,0.1053,0.0,0.0,0.0,0.0,0.0,0.0526,0
219,0.0,0.0,0.1053,0.0,0.0,0.0,0.0,0.0526,0.6842,0.0,0.0,0.0,0.0,0.0526,0.0526,0.0,0.0,0.0,0.0526,0.0,0.0,0.0,0.0,0.0,0.0,0.0,0.0,0.0,0.0,0.0,0.0526,0.0526,0.0,0.1053,1
220,0.0,0.0,0.0,0.0,0.0,0.2632,0.0,0.0,0.1053,0.0,0.1579,0.0526,0.0,0.1579,0.0,0.0,0.0,0.0,0.0526,0.1053,0.0,0.1053,0.0,0.0,0.0,0.0,0.0,0.0526,0.1053,0.0,0.1053,0.0,0.0,0.0,1
221,0.1579,0.0526,0.1053,0.2632,0.0526,0.0,0.0526,0.0526,0.0526,0.0,0.0526,0.0,0.0,0.0526,0.1053,0.0,0.0,0.0,0.0,0.0,0.0,0.0,0.0,0.0,0.0,0.0,0.0,0.0,0.0,0.0,0.0526,0.0,0.0526,0.0,1
222,0.0,0.0,0.3158,0.2105,0.0,0.0,0.1579,0.1053,0.0,0.2105,0.0,0.0,0.0,0.0,0.0,0.0,0.0,0.0,0.0,0.0,0.0,0.0,0.0,0.0,0.0,0.0,0.0,0.1053,0.0526,0.0526,0.0,0.0,0.0,0.0,1
223,0.0526,0.0,0.0526,0.0,0.0,0.0,0.0,0.1053,0.0,0.2632,0.0526,0.0,0.0,0.0526,0.0526,0.1053,0.0,0.0,0.1579,0.0,0.1053,0.0,0.0,0.0,0.0,0.0,0.0,0.0526,0.0,0.0,0.0,0.0,0.0,0.0,0
224,0.3684,0.0526,0.0526,0.3684,0.0526,0.0,0.1053,0.0,0.0,0.0,0.0,0.0,0.0,0.0,0.0,0.0,0.0,0.0,0.0,0.0,0.0,0.0,0.0,0.0,0.0,0.0,0.0,0.1579,0.0526,0.0526,0.0,0.0,0.0,0.0,1
225,0.0526,0.0,0.0,0.5263,0.1053,0.0,0.0526,0.0,0.1579,0.0526,0.0,0.0,0.0,0.0526,0.0,0.0,0.0,0.0,0.0,0.0,0.0,0.0,0.0,0.0,0.0,0.0,0.0,0.0,0.0526,0.1053,0.0526,0.0,0.0,0.0,1
226,0.0,0.0,0.0,0.0526,0.0,0.0,0.0,0.0,0.3158,0.3158,0.1053,0.0,0.0,0.0526,0.1579,0.0,0.0,0.0,0.0,0.0,0.0,0.0,0.0,0.0,0.0,0.0,0.0,0.0,0.0,0.0,0.0526,0.0,0.0,0.0,0
227,0.0526,0.0,0.3158,0.0,0.0526,0.0526,0.0,0.0526,0.2632,0.0526,0.1053,0.0,0.0,0.0526,0.0,0.0,0.0,0.0,0.0,0.0,0.0,0.0,0.0,0.0,0.0,0.0,0.0,0.0526,0.0,0.0,0.0526,0.0526,0.0,0.0,1
228,0.1579,0.0,0.2105,0.1053,0.0,0.2105,0.0,0.0,0.0,0.0,0.0526,0.0,0.0526,0.0526,0.0,0.0,0.0,0.0,0.0,0.0,0.0,0.1579,0.0,0.0,0.0,0.0,0.0,0.0526,0.1579,0.0,0.0,0.0,0.0,0.0,1
229,0.1579,0.2105,0.0,0.4211,0.0526,0.0,0.1579,0.0,0.0,0.0,0.0,0.0,0.0,0.0,0.0,0.0,0.0,0.0,0.0,0.0,0.0,0.0,0.0,0.0,0.0,0.0,0.0,0.0,0.0526,0.0526,0.0,0.0,0.0,0.0,1
230,0.0,0.0,0.0,0.0,0.0,0.0,0.0,0.0,0.2632,0.4737,0.1053,0.0,0.0,0.0526,0.0,0.1053,0.0,0.0,0.0,0.0,0.0,0.0,0.0,0.0,0.0,0.0,0.0,0.0526,0.0526,0.0,0.0,0.0,0.0,0.0,0
231,0.0,0.0,0.0,0.0526,0.0,0.0,0.0,0.0,0.3158,0.2105,0.0526,0.0,0.0,0.1053,0.1053,0.0,0.0,0.0,0.1053,0.0,0.0,0.0526,0.0,0.0,0.0,0.0,0.0,0.0,0.0526,0.0,0.0526,0.0,0.0526,0.0,1
232,0.1579,0.0,0.0526,0.1053,0.0,0.0,0.1053,0.0526,0.2632,0.0,0.1053,0.0,0.0,0.0,0.0526,0.0,0.0,0.0,0.0526,0.0526,0.0,0.0,0.0,0.0,0.0,0.0,0.0,0.0,0.1053,0.0,0.0,0.1053,0.0,0.0526,1
233,0.1579,0.0,0.2632,0.1579,0.0,0.0,0.2632,0.0526,0.0,0.0,0.0,0.0,0.0,0.0,0.1053,0.0,0.0,0.0,0.0,0.0,0.0,0.0,0.0,0.0,0.0,0.0,0.0,0.0526,0.0,0.0,0.0,0.0,0.0,0.0,1
234,0.0,0.0,0.0,0.3684,0.0526,0.0,0.1053,0.0,0.2632,0.0526,0.0526,0.0,0.0,0.0526,0.0526,0.0,0.0,0.0,0.0,0.0,0.0,0.0,0.0,0.0,0.0,0.0,0.0,0.0,0.0,0.1053,0.0526,0.0,0.0,0.0526,1
235,0.0526,0.0,0.0,0.0,0.0,0.0,0.0,0.0,0.4737,0.0,0.1579,0.0,0.0,0.0526,0.0,0.0,0.0,0.0,0.1579,0.0526,0.0,0.0526,0.0,0.0,0.0,0.0,0.0,0.0526,0.0526,0.0,0.1053,0.0,0.0,0.0526,1
236,0.0,0.0,0.1053,0.0,0.0,0.0,0.0,0.0,0.2632,0.0,0.2632,0.0,0.0,0.1053,0.0,0.0,0.0,0.0,0.0526,0.2105,0.0,0.0,0.0,0.0,0.0,0.0,0.0,0.0,0.0526,0.0,0.0526,0.0,0.0526,0.0,1
237,0.0526,0.1053,0.0,0.1579,0.0,0.0,0.0526,0.0,0.4211,0.0,0.1053,0.0,0.0,0.0526,0.0526,0.0,0.0,0.0,0.0,0.0,0.0,0.0,0.0,0.0,0.0,0.0,0.0,0.0,0.0,0.0526,0.2105,0.0,0.0,0.0,1
238,0.1579,0.2632,0.0,0.0526,0.0,0.0,0.0526,0.0,0.0,0.1053,0.0526,0.0,0.0,0.0,0.0,0.0,0.0526,0.0,0.0,0.0526,0.0,0.0,0.0,0.0,0.1053,0.0,0.1053,0.0526,0.0526,0.0526,0.0526,0.0,0.0,0.0,1
239,0.1053,0.0526,0.0,0.1053,0.0526,0.2105,0.0,0.0,0.0,0.0,0.0,0.1053,0.1579,0.1053,0.0,0.0,0.0,0.0,0.0,0.0,0.0,0.1053,0.0,0.0,0.0,0.0,0.0,0.0526,0.0526,0.1053,0.0,0.0,0.0,0.0,1
240,0.0526,0.0,0.2105,0.0526,0.0,0.0,0.0,0.1053,0.0,0.0,0.0,0.0,0.0,0.1579,0.1579,0.0,0.0,0.0,0.1053,0.1579,0.0,0.0,0.0,0.0,0.0,0.0,0.0,0.0526,0.0526,0.0,0.0,0.0,0.0,0.0,1
241,0.2105,0.0526,0.0526,0.0,0.0526,0.0,0.0,0.0526,0.2632,0.0526,0.1053,0.0,0.0,0.0526,0.1053,0.0,0.0,0.0,0.0,0.0,0.0,0.0,0.0,0.0,0.0,0.0,0.0,0.0526,0.0,0.0,0.0,0.0526,0.0,0.0,1
242,0.0,0.0,0.1053,0.0526,0.0,0.1053,0.0526,0.0526,0.2105,0.0,0.1053,0.0,0.1053,0.1579,0.0,0.0,0.0,0.0,0.0,0.0,0.0,0.0526,0.0,0.0,0.0,0.0,0.0,0.1053,0.0,0.0,0.0526,0.0,0.0,0.0526,1
243,0.0,0.0,0.0,0.2632,0.0,0.0,0.1053,0.0,0.3684,0.0526,0.0526,0.0,0.0,0.1053,0.0,0.0,0.0,0.0,0.0,0.0526,0.0,0.0,0.0,0.0,0.0,0.0,0.0,0.0,0.1579,0.0,0.0,0.0,0.0,0.0,1
244,0.2632,0.0526,0.0,0.2105,0.0,0.0,0.1053,0.0,0.1579,0.0,0.1053,0.0,0.0,0.1053,0.0,0.0,0.0,0.0,0.0,0.0,0.0,0.0,0.0,0.0,0.0,0.0,0.0,0.0,0.0526,0.0,0.1053,0.0526,0.0,0.0,1
245,0.0526,0.0,0.1579,0.0526,0.0526,0.0,0.1579,0.1579,0.0,0.3158,0.0526,0.0,0.0,0.0,0.0,0.0,0.0,0.0,0.0,0.0,0.0,0.0,0.0,0.0,0.0,0.0,0.0,0.1053,0.0526,0.0,0.0,0.0,0.0,0.0,1
246,0.0,0.0,0.0,0.0526,0.0,0.0,0.0526,0.0,0.4211,0.0,0.2632,0.0,0.0,0.1053,0.0526,0.0,0.0,0.0,0.0526,0.0,0.0,0.0,0.0,0.0,0.0,0.0,0.0,0.0,0.0526,0.0,0.1053,0.0,0.1053,0.0,1
247,0.1579,0.0,0.0,0.1579,0.0526,0.0,0.1053,0.0,0.0,0.3684,0.0,0.0,0.0,0.0,0.0526,0.0,0.0526,0.0,0.0,0.0,0.0,0.0,0.0526,0.0,0.0,0.0,0.0,0.1579,0.0,0.0,0.0,0.0,0.0526,0.0,1
248,0.0,0.0,0.1053,0.0,0.0,0.0,0.0,0.0,0.6842,0.0,0.1053,0.0,0.0,0.0,0.0526,0.0,0.0,0.0,0.0526,0.0,0.0,0.0,0.0,0.0,0.0,0.0,0.0,0.0526,0.0,0.0,0.1579,0.0,0.0,0.0526,1
249,0.0526,0.0,0.0,0.5263,0.0526,0.0,0.0526,0.0,0.1053,0.0,0.0526,0.0,0.0,0.0526,0.0,0.0,0.0,0.0,0.0,0.1053,0.0,0.0,0.0,0.0,0.0,0.0,0.0,0.0526,0.0526,0.1053,0.0526,0.0,0.0,0.0,1
250,0.0,0.0,0.0526,0.0,0.0,0.0,0.0,0.1579,0.3684,0.0,0.2105,0.0,0.0,0.0526,0.0526,0.0,0.0,0.0,0.0526,0.0526,0.0,0.0,0.0,0.0,0.0,0.0,0.0,0.0,0.1053,0.0,0.1053,0.0,0.0,0.0,1
251,0.0,0.0,0.0,0.2632,0.0,0.0,0.1053,0.0526,0.2632,0.0,0.1579,0.0,0.0,0.1053,0.0526,0.0,0.0,0.0,0.0,0.0,0.0,0.0,0.0,0.0,0.0,0.0,0.0,0.0,0.0526,0.0526,0.0526,0.0,0.0,0.0526,1
252,0.1053,0.0526,0.2105,0.1053,0.1579,0.0,0.1053,0.0,0.0,0.1053,0.0,0.0,0.0526,0.0,0.0,0.0,0.0,0.0,0.0,0.0,0.0,0.1053,0.0,0.0,0.0,0.0,0.0,0.0526,0.0,0.0,0.0,0.0,0.0,0.0,1
253,0.1053,0.0,0.0,0.3684,0.0,0.0,0.0526,0.0,0.0,0.3684,0.0,0.0,0.0,0.0,0.0,0.0,0.0,0.0,0.0,0.0,0.0,0.0,0.0526,0.0,0.0526,0.0,0.0,0.0,0.0526,0.1053,0.0,0.0,0.0,0.0,0
254,0.0,0.0,0.0,0.0,0.0,0.1053,0.0,0.0,0.1053,0.1579,0.3684,0.1053,0.0,0.1053,0.0,0.0,0.0,0.0,0.0,0.0526,0.0,0.0,0.0,0.0,0.0,0.0,0.0,0.0526,0.0,0.0,0.1053,0.0,0.0,0.0526,1
255,0.0526,0.1053,0.2105,0.0526,0.1579,0.0,0.0,0.0526,0.0526,0.0,0.1053,0.0,0.0,0.0,0.0,0.0,0.0,0.0,0.1053,0.1053,0.0,0.0,0.0,0.0,0.0,0.0,0.0,0.0526,0.0526,0.0,0.0,0.0,0.0,0.0,1
256,0.2105,0.0,0.0,0.5263,0.0,0.0,0.0526,0.0,0.1053,0.0,0.0,0.0,0.0,0.1053,0.0,0.0,0.0,0.0,0.0,0.0,0.0,0.0,0.0,0.0,0.0,0.0,0.0,0.0,0.0526,0.0,0.0,0.0,0.0,0.0,1
257,0.0,0.0,0.0,0.0,0.0,0.0,0.0,0.0,0.2632,0.0,0.2632,0.0,0.1053,0.1579,0.0,0.0,0.0,0.0,0.0526,0.1579,0.0,0.0,0.0,0.0,0.0,0.0,0.0,0.0,0.0526,0.0,0.0526,0.0,0.0,0.0,1
258,0.0526,0.0,0.1053,0.0,0.0,0.0,0.0,0.0,0.5789,0.0,0.0,0.0,0.0,0.1579,0.0526,0.0,0.0,0.0,0.0526,0.0,0.0,0.0,0.0,0.0,0.0,0.0,0.0,0.0,0.1053,0.0,0.0526,0.0,0.0526,0.0,1
259,0.3158,0.2105,0.1053,0.1579,0.0,0.0,0.0,0.0526,0.0,0.1053,0.0,0.0,0.0,0.0,0.0526,0.0,0.0,0.0,0.0,0.0,0.0,0.0,0.0,0.0,0.0,0.0,0.0,0.1579,0.0,0.0526,0.0,0.0,0.0,0.0,1
260,0.2105,0.2105,0.1053,0.3158,0.0526,0.0,0.0,0.1053,0.0,0.0,0.0,0.0,0.0,0.0,0.0,0.0,0.0,0.0,0.0,0.0,0.0,0.0,0.0,0.0,0.0,0.0,0.0,0.1053,0.0,0.1053,0.0,0.0,0.0,0.0,1
261,0.0,0.0,0.0,0.0526,0.0,0.2632,0.0526,0.0,0.1053,0.0,0.0,0.0,0.3684,0.0,0.0,0.0,0.0,0.0,0.0,0.0,0.0,0.1579,0.0,0.0,0.0,0.0,0.0,0.0,0.0,0.1053,0.0,0.0,0.0,0.0,1
262,0.0,0.0,0.2632,0.1053,0.0,0.1053,0.0526,0.0,0.2105,0.0,0.1579,0.0,0.0526,0.0,0.0526,0.0,0.0,0.0,0.0,0.0,0.0,0.0,0.0,0.0,0.0,0.0,0.0,0.0,0.0,0.0526,0.0,0.0526,0.0,0.0,0
263,0.0526,0.0,0.0,0.0,0.0,0.0,0.0,0.0,0.5263,0.0,0.0,0.0,0.0,0.0,0.1579,0.0,0.1579,0.0,0.1053,0.0,0.0,0.0,0.0,0.0,0.0,0.0,0.0,0.0,0.1053,0.0,0.0526,0.0,0.0,0.0526,1
