cityId,cultureScore,goldTotal,productionTotal,goldScore,scienceTotal,cityScore,cultureTotal,productionScore,foodScore,cityTotal,foodTotal,scienceScore
1,0,289.80000000000007,492.45000000000005,0,182.68000000000018,0,101.97000000000001,1,0,17,268.0,0
2,0,660.7,490.85,1,196.94000000000003,1,164.7500000000001,0,0,32,321.0,0
3,0,251.5,159.14999999999995,0,180.63,0,153.38000000000002,0,0,18,469.0,0
4,0,262.5,157.3,0,150.22000000000014,0,140.42000000000002,0,0,6,195.0,0
5,0,250.0,105.39999999999999,0,185.06,0,141.82000000000002,0,1,15,500.0,0
6,0,305.0,480.50000000000006,0,203.9200000000002,0,111.22000000000004,0,1,28,529.0,1
7,0,452.2999999999999,422.6000000000003,1,195.2999999999999,0,141.93000000000004,0,0,28,442.0,0
8,0,406.0499999999999,473.9,1,212.50000000000006,0,99.73000000000002,0,0,26,362.0,1
9,0,337.9999999999999,253.40000000000006,0,202.13,1,169.83999999999997,0,0,31,454.0,1
10,1,275.52,174.39999999999995,0,196.41,0,211.89000000000001,0,1,30,576.0,0
11,0,252.5,214.4,0,177.01,0,161.56000000000003,0,0,20,443.0,0
12,0,250.95,144.24999999999994,0,185.06,0,129.82000000000002,0,0,16,494.0,0
13,0,278.5499999999997,83.84999999999994,0,191.77,0,105.19999999999995,0,1,17,567.0,0
14,0,257.5,158.65,0,166.55999999999997,0,143.70000000000005,0,0,11,330.0,0
15,0,253.75,201.64999999999998,0,175.60999999999999,0,157.15999999999997,0,0,17,404.0,0
16,0,264.13,176.4,0,179.14,0,156.28000000000003,0,0,22,458.0,0
17,1,268.80000000000007,149.05000000000004,0,161.71999999999997,0,197.57999999999984,0,0,15,295.0,0
18,0,450.35,321.79999999999984,1,173.06999999999988,0,146.45000000000002,0,0,23,376.0,0
19,1,533.8999999999999,411.7999999999999,1,277.51999999999987,1,172.93000000000018,0,1,38,501.0,1
20,0,386.5499999999997,446.2000000000001,1,239.70999999999995,1,153.09000000000006,0,0,33,492.0,1
21,1,395.95000000000016,542.4,1,256.87000000000006,1,297.00999999999976,1,0,34,259.0,1
22,0,301.75,492.2000000000004,0,220.09000000000006,0,111.82999999999993,1,1,29,529.0,1
23,1,687.8000000000006,486.10000000000025,1,237.01999999999995,1,172.15,0,0,37,454.0,1
24,0,731.2000000000004,576.6000000000003,1,189.44,1,159.33000000000007,1,0,31,270.0,0
25,1,687.0500000000003,429.60000000000014,1,193.26000000000002,1,214.68000000000004,0,0,36,474.0,0
26,1,309.6999999999999,449.34999999999997,0,188.95999999999992,0,170.96999999999994,0,0,30,457.0,0
27,0,307.0,376.94999999999993,0,214.5499999999999,0,114.11999999999999,0,1,28,599.0,1
28,0,298.75,506.65,0,206.15999999999988,0,112.86999999999992,1,1,29,621.0,1
29,1,556.25,532.5,1,195.93000000000018,1,178.3000000000001,1,0,37,461.0,0
30,0,259.25,145.75,0,164.97,0,144.92000000000002,0,0,11,355.0,0
31,0,257.25,229.50000000000006,0,164.21000000000004,0,159.58,0,0,15,329.0,0
32,0,413.29999999999995,76.94999999999999,1,201.07,0,110.48,0,1,24,586.0,0
33,0,271.59999999999997,153.89999999999998,0,174.89999999999998,0,154.44,0,0,18,418.0,0
34,0,255.5,175.04999999999998,0,172.55999999999997,0,153.29999999999998,0,0,14,383.0,0
35,0,362.84999999999985,168.29999999999993,1,168.16999999999993,0,150.78000000000003,0,0,18,329.0,0
36,0,254.5,152.65,0,180.05999999999997,0,145.8,0,0,13,359.0,0
37,0,257.25,138.9,0,161.21000000000004,0,138.8800000000001,0,0,7,332.0,0
38,0,248.0,95.64999999999993,0,188.3,0,103.05999999999995,0,1,13,583.0,0
39,0,273.0500000000001,184.7000000000001,0,162.5399999999999,0,145.31000000000006,0,0,12,286.0,0
40,0,356.9999999999998,150.15000000000003,0,165.91999999999993,0,169.77000000000004,0,0,19,330.0,0
41,0,262.2499999999998,91.95000000000005,0,203.46999999999994,0,112.23,0,1,19,736.0,1
42,0,253.5,202.25000000000003,0,177.17999999999998,0,159.72,0,0,19,421.0,0
43,0,254.5,168.15,0,170.05999999999997,0,145.8,0,0,12,357.0,0
44,0,307.75,103.0,0,175.60999999999999,0,137.16,0,0,13,383.0,0
45,0,255.5,191.29999999999998,0,171.38,0,156.96000000000004,0,0,17,400.0,0
46,0,262.5,235.94999999999987,0,150.22000000000014,0,150.92000000000002,0,0,11,194.0,0
47,0,257.25,206.44999999999996,0,161.21000000000004,0,151.4800000000001,0,0,12,266.0,0
48,0,299.25,500.8999999999997,0,200.69999999999987,0,109.5599999999999,1,1,26,500.0,0
49,0,306.25,525.8499999999999,0,177.42,0,95.18999999999991,1,0,19,344.0,0
50,0,354.55,468.8499999999999,0,162.52999999999992,0,110.02000000000004,0,0,18,308.0,0
51,1,352.15000000000003,495.7,0,275.00999999999993,1,290.64000000000004,1,0,39,492.0,1
52,1,328.6499999999999,444.9000000000002,0,244.0799999999999,1,185.98,0,1,38,609.0,1
53,0,557.6000000000001,556.3500000000001,1,205.08000000000007,0,88.87999999999992,1,0,24,259.0,1
54,1,730.2000000000003,463.45,1,272.07000000000005,1,203.65,0,1,40,533.0,1
55,0,251.98,162.09999999999997,0,179.39,0,156.34000000000003,0,1,20,503.0,0
56,0,349.7,131.00000000000006,0,174.87000000000003,0,131.05000000000007,0,0,13,293.0,0
57,0,255.0,160.84999999999997,0,172.01000000000002,0,157.16000000000005,0,0,17,417.0,0
58,0,267.0,171.74999999999994,0,199.43,0,117.69999999999996,0,1,23,623.0,0
59,0,259.25,160.45,0,154.77000000000007,0,144.08000000000007,0,0,8,247.0,0
60,0,260.75,131.55,0,152.6700000000001,0,132.86000000000004,0,0,5,237.0,0
61,0,254.25,140.35,0,175.83999999999997,0,147.17999999999998,0,0,14,411.0,0
62,0,253.0,131.35,0,175.23999999999998,0,148.38000000000002,0,0,13,436.0,0
63,0,258.15,184.45000000000005,0,181.79,0,158.34000000000003,0,0,22,474.0,0
64,0,254.5,175.54999999999998,0,172.55999999999997,0,153.29999999999998,0,0,14,380.0,0
65,0,261.14999999999986,113.85000000000004,0,186.44,0,101.85999999999996,0,1,16,546.0,0
66,0,267.9500000000001,116.19999999999999,0,227.97000000000003,0,109.08000000000004,0,0,18,428.0,1
67,1,344.9999999999999,660.1999999999996,0,193.0599999999999,1,183.29999999999987,1,0,34,429.0,0
68,1,619.65,630.3499999999995,1,189.66999999999993,1,185.23999999999995,1,0,38,448.0,0
69,0,297.5,490.35000000000014,0,209.53999999999988,1,141.73999999999995,0,1,31,649.0,1
70,1,387.8999999999999,560.25,1,242.42000000000013,1,171.87000000000015,1,0,36,388.0,1
71,1,555.55,460.54999999999995,1,331.3800000000001,1,270.4800000000001,0,0,34,265.0,1
72,0,254.25,193.05,0,172.83999999999997,0,159.48,0,0,18,401.0,0
73,0,259.0,249.5,0,155.12000000000006,0,152.60000000000008,0,0,12,249.0,0
74,0,256.75,211.09999999999997,0,161.91000000000003,0,151.7200000000001,0,0,13,292.0,0
75,0,246.75,109.25000000000004,0,198.76,0,124.56000000000002,0,1,17,639.0,0
76,0,258.25,188.04999999999993,0,156.67000000000004,0,149.0600000000001,0,0,11,283.0,0
77,1,248.75,230.94999999999996,0,187.84,0,174.83999999999997,0,1,25,557.0,0
78,0,257.25,204.94999999999996,0,161.21000000000004,0,151.4800000000001,0,0,12,267.0,0
79,0,356.29999999999995,149.65,0,172.55999999999997,0,147.29999999999998,0,0,19,393.0,0
80,0,294.25,178.1,0,172.83999999999997,0,153.38,0,0,19,398.0,0
81,0,355.24999999999983,450.85,0,242.13000000000017,0,131.83999999999997,0,0,27,383.0,1
82,1,479.0000000000001,618.7999999999997,1,199.31000000000017,1,276.9100000000001,1,1,41,507.0,0
83,1,599.0500000000003,721.2000000000002,1,199.07999999999984,1,186.06999999999996,1,1,40,512.0,0
84,1,361.04999999999984,644.3999999999997,1,191.37999999999997,1,179.88999999999993,1,0,36,471.0,0
85,1,306.25,525.9499999999999,0,172.89,0,184.9,1,0,25,305.0,0
86,1,409.39999999999986,497.8,1,298.58000000000015,1,174.3899999999999,1,1,40,673.0,1
87,0,488.1000000000002,94.1000000000001,1,179.90999999999985,0,133.28999999999994,0,0,21,448.0,0
88,0,348.95000000000016,77.25,0,195.56,0,107.47999999999996,0,1,20,577.0,0
89,0,251.25999999999988,100.7,0,201.04000000000002,0,110.79999999999995,0,1,17,645.0,0
90,0,278.5,180.54999999999998,0,172.55999999999997,0,153.29999999999998,0,0,16,380.0,0
91,0,287.19999999999993,111.2,0,208.08999999999992,0,114.96000000000004,0,1,23,762.0,1
92,0,295.5,129.0,0,169.55999999999997,0,145.5,0,0,12,347.0,0
93,0,253.0,181.25,0,181.7,0,154.85999999999996,0,0,17,420.0,0
94,0,337.6500000000002,222.70000000000005,0,158.21999999999994,0,155.25000000000006,0,0,17,275.0,0
95,0,388.29999999999995,125.65,1,165.05999999999997,0,140.8000000000001,0,0,14,318.0,0
96,0,298.7,579.4,0,221.04000000000008,1,121.82999999999993,1,1,31,705.0,1
97,0,340.1999999999999,436.60000000000014,0,188.38999999999993,0,154.79,0,0,29,491.0,0
98,1,498.59999999999997,506.00000000000006,1,202.5200000000001,1,198.86999999999995,1,0,38,483.0,1
114,1,315.25,570.4,0,289.96000000000004,1,202.63000000000017,1,0,34,378.0,1
115,1,384.3500000000001,634.75,1,163.10999999999996,0,193.0800000000001,1,0,25,249.0,0
116,0,612.55,488.79999999999995,1,181.83999999999997,0,97.55000000000001,0,0,22,343.0,0
117,1,362.09999999999957,612.55,1,194.59999999999988,1,180.60999999999999,1,1,38,534.0,0
118,0,425.0,556.25,1,165.50999999999985,0,87.61999999999992,1,0,17,246.0,0
119,0,257.5,218.39999999999995,0,157.22000000000003,0,149.12000000000012,0,0,12,269.0,0
120,1,258.0,229.50000000000006,0,164.56,0,210.96999999999997,0,0,19,327.0,0
121,0,281.5,186.04999999999998,0,172.55999999999997,0,153.29999999999998,0,0,18,380.0,0
122,0,257.75,123.25000000000003,0,194.84,0,130.5,0,1,20,604.0,0
123,0,254.5,185.54999999999998,0,172.55999999999997,0,153.29999999999998,0,0,16,387.0,0
124,0,277.8,190.09999999999994,0,156.47999999999996,0,149.92000000000007,0,0,11,252.0,0
125,0,257.25,128.9,0,161.21000000000004,0,138.8800000000001,0,0,7,348.0,0
126,0,257.25,111.80000000000004,0,163.71000000000004,0,131.98000000000008,0,0,8,360.0,0
127,0,367.34999999999997,77.39999999999999,1,166.79999999999998,0,89.88000000000005,0,0,10,295.0,0
128,0,490.9499999999998,438.89999999999975,1,186.12000000000003,0,146.49999999999994,0,0,29,445.0,0
129,1,309.05000000000007,512.25,0,295.5499999999999,1,249.4499999999999,1,0,35,393.0,1
130,0,432.5999999999997,519.3000000000001,1,169.14,0,90.05999999999992,1,0,19,302.0,0
131,1,739.3,652.6500000000002,1,282.03,1,191.22999999999996,1,1,43,591.0,1
132,1,477.75,738.8,1,358.02000000000015,1,201.14999999999992,1,0,40,462.0,1
133,0,449.6499999999998,573.1,1,247.68999999999988,1,113.8099999999999,1,1,35,592.0,1
134,0,268.25,190.64999999999986,0,167.57000000000008,0,147.80000000000007,0,0,13,254.0,0
135,0,323.44999999999993,80.85000000000001,0,234.11,0,98.89000000000003,0,0,19,412.0,1
136,0,264.0,159.04999999999995,0,152.3200000000001,0,141.14000000000004,0,0,9,224.0,0
137,0,279.30000000000007,196.9,0,230.01999999999992,0,146.72000000000003,0,0,18,200.0,1
138,1,275.65000000000003,135.85000000000002,0,174.35999999999987,0,179.6400000000001,0,0,18,380.0,0
139,0,264.0,129.3,0,150.92000000000013,0,132.26000000000002,0,0,6,214.0,0
140,1,292.45,122.0,0,186.51,0,199.53000000000003,0,0,25,490.0,0
141,0,257.25,159.4,0,163.21000000000004,0,140.08000000000007,0,0,9,314.0,0
142,0,336.4,159.65,0,170.05999999999997,0,145.8,0,0,17,352.0,0
143,0,678.4499999999994,427.35000000000036,1,212.0100000000002,1,162.0699999999999,0,0,32,376.0,1
144,1,433.39999999999964,561.25,1,189.27,1,259.9000000000002,1,1,39,549.0,0
145,1,369.3999999999997,669.1500000000002,1,253.53999999999988,1,229.58999999999997,1,0,41,497.0,1
146,0,447.65000000000003,670.1999999999998,1,223.10000000000008,1,122.19999999999996,1,1,35,695.0,1
147,1,305.25,388.35000000000025,0,187.87,0,222.60000000000016,0,0,30,422.0,0
148,1,297.75,540.9,0,207.66999999999985,1,185.48,1,1,37,637.0,1
149,1,256.75,198.45,0,180.85999999999993,0,208.44000000000008,0,0,22,443.0,0
150,0,259.25,150.8,0,205.55999999999997,0,115.38999999999999,0,1,22,727.0,1
151,0,254.0,140.45,0,178.29999999999998,0,116.78000000000004,0,0,12,417.0,0
152,0,256.25,153.25,0,163.47,0,144.02000000000004,0,0,9,333.0,0
153,0,261.25,158.29999999999995,0,151.9700000000001,0,141.02000000000004,0,0,6,241.0,0
154,0,311.60000000000014,223.79999999999998,0,178.38,0,166.34,0,0,27,474.0,0
155,0,259.5,215.7000000000001,0,158.56000000000006,0,155.08000000000004,0,0,12,250.0,0
156,0,256.4799999999998,93.44999999999992,0,209.31,0,115.79999999999995,0,1,19,802.0,1
157,0,319.4000000000001,98.84999999999998,0,182.32,0,112.88000000000005,0,0,16,443.0,0
158,1,301.5,644.4999999999995,0,214.19000000000003,1,276.05,1,1,40,624.0,1
159,1,300.25,359.35,0,340.3099999999999,1,239.40999999999994,0,1,37,618.0,1
160,0,349.1999999999998,376.8499999999999,0,202.60000000000014,0,136.96,0,0,28,498.0,1
161,0,312.5,540.0,0,160.94999999999987,0,167.45999999999998,1,0,21,223.0,0
162,1,328.6499999999998,475.7,0,205.48000000000002,1,219.49000000000012,0,1,38,624.0,1
163,0,279.5,132.65,0,166.05999999999997,0,141.40000000000006,0,0,11,327.0,0
164,0,252.59999999999997,216.69999999999987,0,187.22,0,167.02000000000004,0,1,24,515.0,0
165,0,301.25000000000006,198.60000000000002,0,174.95999999999998,0,158.3,0,0,22,428.0,0
166,0,322.59999999999985,102.75000000000004,0,189.43999999999983,0,136.82,0,0,20,444.0,0
167,0,314.80000000000007,141.54999999999998,0,172.35999999999993,0,147.54000000000002,0,0,17,385.0,0
168,0,323.2199999999999,73.79999999999997,0,188.37,0,103.09999999999995,0,1,18,515.0,0
169,0,254.5,187.54999999999998,0,166.55999999999997,0,149.70000000000005,0,0,13,364.0,0
170,0,269.5,193.45000000000002,0,172.55999999999997,0,159.39999999999998,0,0,18,370.0,0
171,0,352.8000000000002,280.49999999999994,0,150.22000000000014,0,150.92000000000002,0,0,17,201.0,0
172,1,449.59999999999985,565.9499999999998,1,184.41999999999996,1,224.21000000000004,1,0,35,443.0,0
173,1,306.0,626.4499999999999,0,233.57,1,276.2800000000001,1,0,34,350.0,1
189,1,334.9499999999999,491.40000000000026,0,223.58000000000007,1,294.7200000000001,0,0,36,459.0,1
190,0,355.0,432.19999999999993,0,266.06,0,106.88000000000004,0,0,27,436.0,1
191,1,304.25,707.1500000000001,0,204.07000000000016,1,187.4700000000002,1,1,36,520.0,1
192,0,304.25,446.25000000000017,0,351.2299999999999,0,109.08000000000003,0,1,29,528.0,1
193,1,491.25000000000006,476.3,1,194.38000000000017,1,231.2,0,1,38,507.0,0
194,0,254.0699999999999,210.1000000000001,0,184.56,0,165.12000000000003,0,1,25,528.0,0
195,0,262.5,234.84999999999997,0,183.23000000000002,0,150.75000000000006,0,0,16,244.0,0
196,0,304.7499999999999,73.64999999999998,0,189.65,0,103.87999999999995,0,1,19,545.0,0
197,0,278.24999999999994,176.0,0,209.86,0,144.76000000000005,0,0,17,250.0,1
198,0,262.5,129.8,0,150.22000000000014,0,132.02,0,0,5,186.0,0
199,0,252.5,146.54999999999998,0,176.29999999999998,0,154.84000000000003,0,0,16,474.0,0
200,0,309.85000000000014,134.75,0,160.76000000000008,0,141.88000000000008,0,0,10,243.0,0
201,0,275.09999999999997,204.60000000000016,0,150.22000000000014,0,150.88,0,0,12,204.0,0
202,0,332.8500000000003,256.8500000000002,0,160.11999999999995,0,156.83000000000004,0,0,19,282.0,0
203,1,409.5,502.85,1,183.6599999999999,0,173.04000000000013,1,0,30,362.0,0
204,1,552.2500000000001,489.85000000000014,1,209.54,1,237.07000000000002,0,1,41,585.0,1
205,1,376.6999999999998,545.1500000000001,1,299.5299999999999,1,215.41000000000008,1,0,39,477.0,1
206,0,295.25,619.1499999999999,0,346.2699999999998,1,123.29999999999993,1,1,32,804.0,1
207,0,463.9499999999998,600.9000000000001,1,190.3700000000001,0,102.84000000000003,1,0,28,430.0,0
208,1,311.25,499.1,0,204.1300000000001,0,222.4599999999999,1,0,29,264.0,1
209,1,360.80000000000007,491.49999999999983,1,185.50999999999993,1,273.59000000000003,0,0,35,486.0,0
210,0,251.25,123.00000000000003,0,178.41,0,143.96,0,0,14,466.0,0
211,0,296.25,121.4,0,175.21000000000004,0,140.8800000000001,0,0,11,284.0,0
212,0,280.95,171.95,0,172.75999999999996,0,154.56,0,0,19,388.0,0
213,0,246.75,88.34999999999994,0,193.65,0,106.31999999999995,0,1,14,594.0,0
214,0,460.41999999999996,201.3000000000001,1,169.52999999999992,0,160.43000000000004,0,0,22,346.0,0
215,0,254.5,145.65,0,168.05999999999997,0,144.60000000000002,0,0,12,392.0,0
216,1,287.65000000000003,271.1,0,193.41,1,172.12000000000003,0,1,32,603.0,0
217,0,272.1299999999998,90.49999999999994,0,189.75,0,103.89999999999996,0,1,16,510.0,0
218,0,254.5,110.6,0,167.55999999999997,0,132.30000000000004,0,0,9,386.0,0
219,0,299.5,525.7500000000001,0,199.00999999999988,0,108.5099999999999,1,1,27,560.0,0
220,1,497.79999999999984,580.5999999999999,1,319.62000000000006,1,195.6300000000002,1,0,41,452.0,1
221,0,442.5000000000001,572.7999999999998,1,199.07000000000005,1,164.00000000000006,1,0,31,293.0,0
222,0,257.25,183.44999999999996,0,163.21000000000004,0,152.68000000000004,0,0,13,316.0,0
223,0,300.9999999999999,227.34999999999994,0,179.38,0,166.94,0,0,26,474.0,0
224,0,290.8499999999999,178.19999999999993,0,156.52000000000004,0,142.52,0,0,10,200.0,0
225,0,258.0,177.49999999999994,0,156.52000000000004,0,148.8800000000001,0,0,10,278.0,0
226,0,254.5,121.15,0,171.55999999999997,0,144.70000000000002,0,0,12,424.0,0
227,0,249.25,176.8000000000001,0,185.9,0,162.06000000000003,0,1,22,531.0,0
228,0,248.5,164.4499999999999,0,188.81,0,159.64000000000004,0,1,23,521.0,0
229,0,262.5,180.94999999999993,0,150.22000000000014,0,142.52,0,0,8,190.0,0
230,0,318.5,77.69999999999999,0,175.05999999999997,0,94.80000000000004,0,0,12,401.0,0
231,0,313.79999999999995,477.54999999999995,0,188.51,0,151.08000000000004,0,1,29,534.0,0
232,0,629.0999999999998,604.95,1,225.65,1,148.96999999999997,1,1,39,774.0,1
233,0,462.0,455.65,1,222.83000000000013,0,153.19000000000008,0,0,27,227.0,1
234,1,370.05000000000024,485.0500000000002,1,183.83999999999995,1,247.71000000000006,0,0,32,402.0,0
235,1,473.0,579.9999999999998,1,282.8100000000001,1,172.01000000000013,1,0,35,336.0,1
236,1,302.75,523.4999999999998,0,263.21999999999986,1,271.0,1,0,37,456.0,1
237,1,455.74999999999994,523.85,1,202.94000000000005,1,191.99000000000012,1,0,38,478.0,1
238,0,460.9500000000001,186.45000000000002,1,150.22000000000014,0,142.52,0,0,15,190.0,0
239,0,309.94999999999993,178.09999999999997,0,193.03,0,163.06000000000003,0,1,28,557.0,0
240,0,268.3,156.5,0,173.39999999999998,0,153.54000000000002,0,0,18,414.0,0
241,0,271.05,138.00000000000006,0,191.44,0,155.12000000000003,0,1,23,581.0,0
242,0,250.75,135.30000000000007,0,181.47,0,145.62000000000003,0,1,15,505.0,0
243,1,343.3500000000001,196.35000000000008,0,164.77999999999992,0,200.50999999999976,0,0,20,287.0,0
244,0,287.25,165.45000000000002,0,151.27000000000012,0,142.88000000000002,0,0,10,214.0,0
245,0,250.75,228.70000000000007,0,181.47,0,163.62000000000003,0,0,22,490.0,0
246,0,302.70000000000016,156.09999999999994,0,176.01999999999998,0,154.76000000000005,0,0,21,445.0,0
247,0,360.09999999999997,549.6,1,174.79999999999998,0,138.68,1,0,24,393.0,0
248,1,300.5,509.6499999999998,0,210.07999999999998,1,175.08999999999997,1,1,35,548.0,1
249,0,337.9999999999999,484.9,0,177.38,0,121.66000000000004,0,0,23,439.0,0
250,1,340.25,757.6,0,192.38000000000005,1,218.80000000000024,1,0,34,407.0,0
251,0,387.09999999999997,423.1000000000001,1,180.32,0,119.33999999999996,0,0,20,348.0,0
252,0,373.04999999999984,431.5999999999998,1,278.30000000000007,0,93.36999999999992,0,0,23,304.0,1
253,0,362.3499999999996,449.9500000000002,1,192.56999999999988,0,104.54999999999991,0,0,25,449.0,0
254,0,266.34999999999997,146.34999999999997,0,178.95,0,152.9,0,0,19,428.0,0
255,0,254.5,254.0,0,172.55999999999997,0,161.49999999999997,0,0,17,375.0,0
256,0,343.35000000000014,205.69999999999996,0,170.05999999999992,0,160.75000000000003,0,0,21,331.0,0
257,0,266.25,199.34999999999997,0,173.55999999999992,0,158.35000000000002,0,0,19,380.0,0
258,0,252.0,148.0499999999999,0,178.35999999999999,0,155.90000000000003,0,0,19,488.0,0
259,0,352.0999999999999,217.99999999999997,0,157.22000000000003,0,149.12000000000012,0,0,17,273.0,0
260,0,358.7499999999999,201.04999999999995,0,158.97,0,149.7200000000001,0,0,17,288.0,0
261,0,256.0,129.70000000000002,0,164.0,0,88.12000000000006,0,0,4,307.0,0
262,0,257.25,144.4,0,161.21000000000004,0,138.8800000000001,0,0,9,351.0,0
263,1,312.5,505.0,0,201.57,1,238.89999999999995,1,0,31,350.0,1
264,0,423.6,383.6,1,194.91,0,121.15000000000003,0,1,29,542.0,0
265,1,430.19999999999993,431.45000000000005,1,271.75,1,346.7599999999998,0,0,36,400.0,1
266,0,368.55,546.3499999999999,1,203.9200000000002,1,160.41,1,0,34,474.0,1
267,0,490.8000000000003,468.40000000000026,1,177.29,0,123.54999999999991,0,0,23,342.0,0
268,0,511.2500000000003,667.4499999999998,1,173.42999999999998,0,167.14999999999992,1,0,30,345.0,0
269,0,303.25,421.5000000000004,0,190.87999999999988,0,103.4999999999999,0,0,22,434.0,0
270,0,358.9,142.0,0,175.60999999999999,0,147.15999999999997,0,0,19,382.0,0
271,0,257.25,184.49999999999994,0,161.21000000000004,0,145.18000000000012,0,0,10,289.0,0
272,0,262.5,133.65,0,153.86000000000013,0,136.36,0,0,5,200.0,0
273,0,313.84999999999997,162.84999999999997,0,195.14,0,159.43000000000004,0,1,28,542.0,0
274,1,297.1999999999999,186.69999999999993,0,196.72,0,170.96000000000004,0,1,30,544.0,0
275,0,258.75,182.69999999999993,0,155.47000000000006,0,148.5200000000001,0,0,10,270.0,0
276,0,252.5299999999999,112.89999999999999,0,193.31,0,126.98000000000002,0,1,16,565.0,0
277,0,293.29999999999995,114.69999999999999,0,182.65999999999997,0,117.28000000000002,0,0,16,435.0,0
278,0,286.94999999999993,75.74999999999994,0,180.7,0,98.33999999999996,0,0,14,477.0,0
279,1,349.8999999999997,584.9499999999999,0,295.2499999999999,1,194.59999999999988,1,1,40,504.0,1
280,0,292.25,520.3,0,228.40000000000003,0,126.4099999999999,1,1,30,885.0,1
281,1,332.39999999999975,464.20000000000016,0,201.51000000000005,1,265.23,0,1,36,560.0,1
282,1,359.84999999999974,154.9499999999999,0,175.37999999999988,0,202.68000000000012,0,0,24,384.0,0
283,0,307.75,103.0,0,175.60999999999999,0,137.16,0,0,13,383.0,0
284,0,249.98,243.09999999999982,0,186.09,0,170.26000000000002,0,1,25,533.0,0
285,0,272.75,166.74999999999994,0,164.41000000000003,0,149.02000000000004,0,0,13,318.0,0
286,0,289.5,197.60000000000002,0,172.55999999999997,0,157.29999999999998,0,0,20,389.0,0
287,0,274.70000000000005,139.95000000000002,0,186.01999999999995,0,148.06,0,0,18,409.0,0
288,0,318.79999999999995,142.50000000000003,0,174.69999999999996,0,148.85000000000002,0,0,19,416.0,0
289,0,264.90000000000003,140.25000000000003,0,174.17999999999998,0,147.92000000000004,0,0,17,424.0,0
290,0,332.8499999999998,221.79999999999984,0,172.20999999999987,0,162.54000000000002,0,0,22,361.0,0
291,1,420.20000000000005,512.4500000000002,1,217.44,1,176.74000000000004,1,1,41,755.0,1
292,1,366.75,596.4000000000001,1,194.53000000000006,1,174.46000000000006,1,0,32,359.0,0
293,0,365.0,556.25,1,196.56000000000003,0,166.16000000000008,1,0,30,276.0,0
294,0,584.45,382.6,1,192.2,0,113.11,0,1,30,522.0,0
295,1,393.5999999999999,541.6000000000001,1,193.0,1,191.93000000000006,1,0,33,360.0,0
296,1,304.75,525.65,0,185.69999999999993,1,224.4700000000003,1,0,31,387.0,0
297,1,301.0,702.4999999999999,0,196.98999999999987,1,197.6199999999999,1,1,36,548.0,0
298,0,355.6999999999998,539.3,0,178.68999999999997,0,164.21,1,0,29,367.0,0
299,0,399.9999999999998,454.50000000000017,1,218.79000000000002,1,161.89999999999992,0,0,33,436.0,1
300,1,340.80000000000007,444.2000000000002,0,208.72999999999996,1,217.65999999999994,0,1,37,581.0,1
301,1,400.0,528.75,1,299.3700000000001,1,180.8400000000001,1,0,33,228.0,1
302,1,303.75,536.45,0,273.04999999999984,1,209.07000000000016,1,0,35,411.0,1
303,0,346.85000000000014,72.89999999999999,0,196.07000000000002,0,107.77999999999996,0,1,20,598.0,0
304,0,282.00000000000017,204.7999999999998,0,162.41999999999993,0,153.57000000000005,0,0,16,302.0,0
305,0,258.25,196.45,0,166.61,0,154.36,0,0,14,335.0,0
306,0,244.75,137.10000000000002,0,203.79000000000002,0,165.68000000000004,0,1,24,783.0,1
307,0,247.62999999999994,146.55000000000015,0,203.84,0,158.12000000000003,0,1,24,744.0,1
308,0,263.0,216.5,0,172.05999999999997,0,161.19999999999996,0,0,19,355.0,0
309,0,292.25,196.64999999999992,0,158.37000000000003,0,149.90000000000006,0,0,13,285.0,0
310,0,267.5,112.6,0,178.55999999999997,0,132.10000000000008,0,0,13,357.0,0
311,0,325.85,78.59999999999998,0,162.95999999999998,0,87.48000000000005,0,0,8,301.0,0
312,0,272.65000000000003,174.8,0,167.59,0,152.44000000000005,0,0,17,393.0,0
313,1,251.25,103.99999999999996,0,197.6,0,186.8500000000001,0,1,24,644.0,0
314,0,259.5,180.0499999999999,0,154.42000000000007,0,148.16000000000008,0,0,9,258.0,0
315,0,254.5,125.65,0,170.55999999999997,0,144.10000000000002,0,0,11,403.0,0
316,0,268.5,162.04999999999998,0,187.05999999999997,0,153.59999999999997,0,0,21,414.0,0
317,0,253.75,102.99999999999999,0,173.39999999999998,0,135.54000000000002,0,0,10,415.0,0
318,0,268.5,168.04999999999998,0,172.55999999999997,0,153.29999999999998,0,0,16,367.0,0
319,0,280.0,108.64999999999999,0,181.7,0,128.86000000000004,0,0,14,413.0,0
320,0,256.75,185.24999999999997,0,165.91000000000003,0,154.12,0,0,15,385.0,0
321,1,559.5500000000001,521.0,1,217.0000000000001,1,184.7000000000001,1,0,36,360.0,1
322,0,497.70000000000005,571.9999999999999,1,203.74999999999997,0,98.71999999999997,1,0,29,392.0,1
323,1,351.3500000000001,564.3500000000001,0,194.28999999999988,1,176.20000000000002,1,0,35,461.0,0
324,1,344.04999999999995,386.54999999999984,0,181.19,1,249.84000000000003,0,0,32,480.0,0
325,1,325.59999999999985,521.5500000000002,0,223.80999999999995,1,218.62000000000003,1,1,40,683.0,1
326,0,502.59999999999997,396.70000000000005,1,192.0500000000001,0,103.74000000000005,0,0,27,466.0,0
327,0,428.0999999999996,447.4000000000003,1,187.09,0,168.1199999999999,0,0,28,348.0,0
328,0,377.19999999999993,505.3499999999997,1,194.35999999999984,0,105.65999999999994,1,0,26,448.0,0
329,1,312.9,650.0000000000001,0,286.66999999999985,1,175.33999999999995,1,1,38,505.0,1
330,1,445.1500000000001,726.9499999999998,1,170.57999999999998,0,184.49000000000012,1,0,28,294.0,0
331,1,351.3999999999999,542.2,0,247.40999999999988,1,352.88,1,0,40,497.0,1
332,0,347.24999999999994,101.4,0,196.28,0,107.85999999999996,0,1,20,595.0,0
333,0,254.5,112.6,0,172.55999999999997,0,135.3,0,0,9,363.0,0
334,0,286.5,177.55000000000004,0,178.2,0,156.28000000000003,0,0,22,437.0,0
335,0,272.0,192.10000000000002,0,175.79999999999998,0,161.27999999999997,0,0,20,392.0,0
336,0,257.25,242.90000000000006,0,161.21000000000004,0,155.68000000000012,0,0,13,270.0,0
337,0,254.5,197.54999999999998,0,167.05999999999997,0,150.00000000000003,0,0,13,331.0,0
338,0,275.5,174.04999999999998,0,181.55999999999997,0,153.29999999999998,0,0,19,384.0,0
339,0,263.5,204.85000000000005,0,158.32000000000005,0,154.34,0,0,14,294.0,0
340,0,261.5,160.99999999999997,0,151.62000000000012,0,143.00000000000003,0,0,8,226.0,0
341,0,279.85,220.65000000000003,0,171.84999999999985,0,159.89000000000004,0,0,19,348.0,0
342,0,315.0000000000003,251.35000000000014,0,156.52000000000004,0,150.92000000000002,0,0,14,203.0,0
343,0,267.25,188.95,0,168.11,0,155.26,0,0,17,356.0,0
344,0,263.55,203.50000000000017,0,150.22000000000014,0,147.76000000000002,0,0,12,192.0,0
345,0,437.39999999999986,211.9999999999999,1,170.02999999999986,0,151.96,0,0,22,328.0,0
346,0,338.55000000000007,239.20000000000016,0,175.71999999999986,0,166.95000000000002,0,0,27,450.0,0
347,0,322.5,164.65,0,174.11999999999998,0,153.95999999999998,0,0,21,411.0,0
348,0,303.44999999999993,196.89999999999998,0,150.22000000000014,0,146.72000000000003,0,0,12,201.0,0
349,0,268.5999999999999,103.54999999999997,0,184.44,0,143.80000000000004,0,0,17,461.0,0
350,0,385.2999999999998,502.04999999999995,1,225.97000000000003,1,124.22999999999998,1,1,32,769.0,1
351,0,323.1999999999999,500.9999999999999,0,286.05,1,152.40999999999994,1,1,35,593.0,1
352,0,365.2999999999998,423.15,1,325.19,1,129.74999999999994,0,1,33,767.0,1
353,1,657.3000000000002,416.85000000000014,1,176.37999999999997,0,172.94999999999993,0,0,28,353.0,0
354,1,299.5,494.09999999999985,0,211.96999999999989,1,173.21999999999997,1,1,35,618.0,1
355,0,885.0,648.8500000000001,1,330.26,1,140.22999999999996,1,1,37,596.0,1
356,0,372.15000000000003,516.75,1,203.00999999999996,1,164.42000000000007,1,0,36,486.0,1
357,1,436.75,673.0,1,175.1099999999999,0,236.3799999999999,1,0,30,282.0,0
358,1,359.55000000000007,563.4499999999998,0,191.7399999999999,1,172.77999999999997,1,0,34,468.0,0
359,0,433.80000000000007,469.69999999999993,1,182.2399999999999,0,106.91000000000003,0,0,21,332.0,0
360,1,369.25,513.95,1,260.56000000000006,1,288.0799999999999,1,0,38,426.0,1
361,0,358.75,565.0,0,181.3399999999999,0,152.04000000000002,1,0,25,260.0,0
362,0,260.3999999999999,156.10000000000002,0,176.01999999999998,0,154.76000000000005,0,0,17,443.0,0
363,0,254.5,207.54999999999998,0,168.55999999999997,0,150.9,0,0,14,340.0,0
364,1,270.0,222.04999999999993,0,183.94,0,210.44999999999987,0,0,29,489.0,0
365,0,256.5,187.04999999999998,0,166.26,0,156.34000000000003,0,0,16,398.0,0
366,0,254.5,197.60000000000002,0,191.26999999999998,0,157.29999999999998,0,0,21,393.0,0
367,0,256.3399999999999,137.35000000000005,0,177.79999999999998,0,147.74,0,0,15,438.0,0
368,0,252.75,207.35000000000008,0,177.01999999999998,0,163.56000000000003,0,0,21,452.0,0
369,0,267.75,108.0,0,173.10999999999999,0,135.66000000000003,0,0,13,425.0,0
370,0,329.70000000000005,150.99999999999994,0,161.21000000000004,0,145.18000000000012,0,0,13,264.0,0
371,0,265.25,188.99999999999994,0,163.47,0,150.32000000000002,0,0,14,318.0,0
372,0,257.5,199.79999999999993,0,158.22000000000003,0,149.12000000000012,0,0,11,273.0,0
373,0,257.25,138.9,0,161.21000000000004,0,138.8800000000001,0,0,7,332.0,0
374,0,296.35999999999996,72.89999999999999,0,198.16,0,109.01999999999997,0,1,20,627.0,0
375,0,259.0,139.15,0,164.76000000000005,0,144.04000000000008,0,0,9,293.0,0
376,0,290.75,75.44999999999999,0,187.08,0,102.33999999999993,0,1,16,512.0,0
377,0,308.70000000000005,138.9,0,161.21000000000004,0,138.8800000000001,0,0,10,286.0,0
378,0,265.37999999999994,187.6,0,176.23999999999998,0,161.08000000000004,0,0,21,432.0,0
379,0,258.25,201.6,0,158.67000000000004,0,150.26000000000002,0,0,12,310.0,0
380,0,359.0,465.6499999999999,0,289.87999999999994,0,102.34000000000003,0,0,26,390.0,1
381,0,511.5000000000003,676.9999999999998,1,172.53,0,166.67999999999998,1,0,29,343.0,0
382,1,318.30000000000007,543.9000000000001,0,264.09,1,172.80999999999997,1,1,38,1098.0,1
383,1,468.0,614.2499999999999,1,188.86,1,369.9100000000001,1,0,39,484.0,0
384,0,366.25,616.25,1,277.87999999999994,0,102.24000000000005,1,0,28,383.0,1
385,1,530.3500000000004,591.6500000000001,1,208.49999999999994,1,171.25,1,0,38,415.0,1
386,1,527.6000000000003,768.8000000000001,1,196.46000000000006,1,247.97000000000023,1,1,41,510.0,0
387,1,322.0499999999997,396.4000000000001,0,196.60999999999987,1,197.70000000000005,0,1,35,545.0,0
388,1,304.75,647.5499999999995,0,178.14000000000001,0,289.3299999999999,1,0,29,345.0,0
389,0,352.04999999999984,501.3500000000002,0,220.22999999999988,1,124.43999999999996,1,1,31,560.0,1
390,0,304.25,484.5499999999999,0,188.6399999999999,0,166.93999999999997,0,0,30,432.0,0
391,1,427.0999999999998,538.3000000000001,1,259.12,1,187.13,1,0,40,498.0,1
392,0,298.07999999999976,101.94999999999997,0,188.77,0,122.34,0,1,19,545.0,0
393,0,279.50000000000006,172.6,0,174.45999999999998,0,154.00000000000003,0,0,20,432.0,0
394,0,254.5,223.0,0,172.55999999999997,0,161.49999999999997,0,0,18,387.0,0
395,0,254.0,230.35,0,173.11999999999998,0,161.66,0,0,18,407.0,0
396,0,247.70999999999998,75.75,0,198.77999999999997,0,109.37999999999998,0,1,17,703.0,0
397,1,259.25,191.69999999999987,0,162.56999999999994,0,202.6499999999999,0,0,16,287.0,0
398,0,337.8000000000002,211.84999999999988,0,177.61999999999986,0,164.57999999999996,0,0,26,386.0,0
399,0,279.0,188.59999999999988,0,152.3200000000001,0,153.44000000000005,0,0,12,226.0,0
400,0,306.5,77.69999999999999,0,175.05999999999997,0,94.80000000000004,0,0,12,400.0,0
401,0,254.5,149.65,0,170.05999999999997,0,145.8,0,0,11,359.0,0
402,0,184.75,183.44999999999987,0,132.07,0,103.72000000000006,0,0,7,395.0,0
403,0,343.35000000000014,250.25000000000006,0,157.49999999999997,0,155.26000000000005,0,0,16,257.0,0
404,0,340.35000000000014,174.84999999999988,0,230.68000000000004,0,158.73999999999998,0,0,28,417.0,1
405,0,254.5,125.65,0,170.05999999999997,0,143.8,0,0,12,412.0,0
406,0,269.0499999999997,140.65000000000006,0,197.69,0,112.55999999999997,0,1,22,630.0,0
407,0,255.5,109.9,0,166.65999999999997,0,135.72000000000006,0,0,10,427.0,0
408,0,346.64999999999986,126.09999999999998,0,224.49000000000004,0,140.85,0,0,21,398.0,1
409,0,250.0,129.45000000000002,0,185.06,0,127.82000000000004,0,1,14,506.0,0
410,1,330.6499999999998,439.7500000000003,0,188.0999999999999,0,209.74,0,0,29,375.0,0
411,1,406.25,480.0,1,184.62000000000015,0,173.76000000000013,0,0,29,334.0,0
412,0,467.8500000000003,481.8000000000001,1,184.31999999999994,0,99.4999999999999,0,0,24,406.0,0
413,0,522.8000000000003,510.90000000000003,1,260.75,1,131.06999999999994,1,0,32,391.0,1
414,1,675.0999999999999,535.9,1,187.04999999999993,1,173.35000000000005,1,0,32,374.0,0
415,1,348.1499999999999,508.15000000000003,0,211.54000000000013,1,280.4800000000001,1,0,36,465.0,1
416,1,586.5,620.0999999999993,1,282.8799999999999,1,180.63,1,1,43,521.0,1
417,0,357.59999999999957,412.6499999999999,0,203.84999999999988,0,119.7199999999999,0,1,30,602.0,1
418,0,449.30000000000007,464.94999999999993,1,210.17,0,148.52,0,0,26,258.0,1
419,0,500.04999999999995,463.44999999999993,1,266.34000000000003,1,170.89000000000016,0,0,35,393.0,1
420,1,359.60000000000025,497.4,0,172.92,0,175.10999999999996,1,0,25,284.0,0
421,1,396.5,565.9499999999998,1,241.34999999999994,1,179.46000000000018,1,1,40,542.0,1
422,0,257.25,156.0,0,161.07000000000002,0,142.94000000000005,0,0,9,312.0,0
423,0,250.0,158.94999999999993,0,185.06,0,155.82000000000002,0,1,21,499.0,0
424,0,254.45999999999998,150.05,0,174.85999999999999,0,148.54000000000002,0,0,14,410.0,0
425,0,342.79999999999995,102.44999999999999,0,168.79999999999998,0,121.08000000000004,0,0,11,339.0,0
426,0,260.5,213.10000000000014,0,153.0200000000001,0,151.88000000000005,0,0,12,224.0,0
427,0,254.5,139.65,0,167.55999999999997,0,144.30000000000004,0,0,10,334.0,0
428,0,309.7500000000002,212.8500000000001,0,150.22000000000014,0,146.72000000000003,0,0,13,208.0,0
429,0,253.0,180.75,0,178.7,0,155.05999999999995,0,0,17,420.0,0
430,0,257.0,127.00000000000003,0,178.07999999999998,0,147.82000000000002,0,0,16,471.0,0
431,0,250.5,153.70000000000007,0,182.22,0,153.98000000000002,0,1,18,516.0,0
432,0,277.0,174.04999999999995,0,161.56,0,157.40000000000012,0,0,15,319.0,0
433,0,248.75,90.39999999999995,0,186.96,0,106.01999999999995,0,1,12,520.0,0
434,0,287.80000000000007,102.35000000000011,0,208.17000000000004,0,132.95000000000005,0,0,17,353.0,1
435,0,293.5,152.04999999999998,0,167.55999999999997,0,150.3,0,0,15,375.0,0
436,0,265.25999999999976,88.79999999999993,0,202.73000000000002,0,111.81999999999996,0,1,20,654.0,1
437,0,252.66999999999996,75.44999999999995,0,183.14,0,99.81999999999995,0,1,13,530.0,0
438,0,252.75,118.9,0,175.01999999999998,0,146.16000000000003,0,0,13,448.0,0
439,0,257.25,226.40000000000006,0,164.21000000000004,0,157.48000000000002,0,0,16,356.0,0
440,0,337.00000000000006,390.3,0,198.36999999999992,0,130.10000000000002,0,1,30,617.0,0
441,0,302.75,560.8499999999997,0,189.8799999999999,0,102.88999999999989,1,0,25,473.0,0
442,1,569.7000000000003,655.4000000000002,1,317.59999999999985,1,256.90999999999997,1,0,41,439.0,1
443,1,297.25,345.70000000000005,0,209.47999999999996,1,270.84999999999997,0,1,36,693.0,1
444,0,434.5,503.5999999999998,1,279.65999999999997,0,136.23,1,0,30,409.0,1
445,1,488.8000000000005,519.0999999999997,1,207.24999999999986,1,222.26,1,1,43,638.0,1
446,1,434.35000000000025,395.6000000000004,1,291.2199999999999,1,180.70999999999995,0,0,36,431.0,1
447,1,353.7999999999997,504.99999999999983,0,191.7299999999999,1,192.92999999999986,1,0,34,454.0,0
448,0,452.4500000000001,536.6000000000001,1,201.1199999999999,1,114.24999999999994,1,1,33,670.0,0
449,0,837.8999999999999,506.2500000000002,1,184.46999999999994,1,168.6999999999999,1,0,32,406.0,0
450,0,324.75,649.2499999999995,0,186.04,0,100.46999999999997,1,0,26,450.0,0
451,1,249.0,260.15,0,188.53,0,171.54000000000002,0,1,25,574.0,0
452,0,255.25,132.45000000000002,0,171.04999999999998,0,98.78000000000006,0,0,5,285.0,0
453,1,281.40000000000003,178.19999999999985,0,157.49999999999997,0,197.1099999999997,0,0,15,253.0,0
454,0,253.25,132.5,0,174.45999999999998,0,146.00000000000003,0,0,12,417.0,0
455,0,249.25,139.04999999999998,0,186.97,0,148.80000000000004,0,1,18,511.0,0
456,0,260.75,131.55,0,152.6700000000001,0,132.86000000000004,0,0,5,237.0,0
457,0,249.25,117.15000000000003,0,186.9,0,123.06000000000002,0,0,14,484.0,0
458,0,258.0,169.24999999999994,0,160.16000000000003,0,146.9200000000001,0,0,12,311.0,0
459,0,254.5,185.54999999999998,0,172.55999999999997,0,153.29999999999998,0,0,15,380.0,0
460,0,303.0,153.0999999999999,0,151.27000000000012,0,140.78000000000003,0,0,9,220.0,0
461,0,256.4499999999999,100.74999999999996,0,192.24999999999991,0,141.00000000000003,0,1,16,515.0,0
462,1,256.0,188.49999999999991,0,174.3999999999999,0,201.11000000000007,0,0,19,370.0,0
463,0,261.25,185.54999999999984,0,151.9700000000001,0,147.32000000000005,0,0,10,218.0,0
464,0,254.75,98.85,0,223.54000000000002,0,93.98000000000003,0,1,16,504.0,1
465,0,281.25,132.4,0,161.21000000000004,0,138.8800000000001,0,0,10,341.0,0
466,0,250.25,156.90000000000006,0,181.78,0,155.94000000000003,0,1,19,514.0,0
467,0,257.25,171.49999999999994,0,161.21000000000004,0,145.18000000000012,0,0,9,286.0,0
468,0,258.5,143.14999999999998,0,155.82000000000005,0,140.2400000000001,0,0,7,273.0,0
469,1,569.1000000000004,506.59999999999974,1,207.95000000000005,1,234.14,1,0,40,487.0,1
470,0,460.95000000000044,482.9000000000003,1,180.15,0,131.45999999999995,0,0,24,364.0,0
471,1,430.5,715.9000000000001,1,195.69000000000008,1,190.24000000000004,1,0,37,460.0,0
472,1,327.99999999999994,471.85000000000014,0,188.57000000000002,1,175.51,0,0,33,484.0,0
473,0,395.4999999999998,492.2000000000003,1,171.45999999999987,0,121.79,1,0,20,342.0,0
474,0,472.5,460.0,1,247.40000000000006,0,150.78000000000006,0,0,27,222.0,1
475,1,448.0000000000001,529.95,1,352.6100000000003,1,285.56000000000006,1,0,38,390.0,1
476,0,360.2499999999999,466.85,1,243.73000000000008,1,106.38000000000004,0,1,31,550.0,1
477,0,307.0,467.3500000000002,0,202.70999999999998,0,140.92999999999998,0,0,23,326.0,1
478,1,400.1499999999999,621.4,1,218.78999999999996,1,290.29,1,0,40,466.0,1
479,1,681.6500000000001,541.15,1,215.2,1,193.9799999999999,1,1,42,669.0,1
480,0,255.41999999999996,139.94999999999996,0,174.67999999999998,0,148.22000000000003,0,0,15,413.0,0
481,0,255.2999999999999,143.70000000000002,0,181.75,0,153.70000000000002,0,0,19,482.0,0
482,0,251.0699999999999,110.89999999999999,0,196.28,0,107.87999999999997,0,1,16,608.0,0
483,0,279.45,127.0,0,180.07,0,151.22000000000003,0,0,18,455.0,0
484,0,313.8,140.95000000000002,0,182.61999999999998,0,151.16,0,0,22,458.0,0
485,0,256.25,140.8,0,173.83999999999997,0,145.98000000000002,0,0,13,409.0,0
486,0,281.75,183.65000000000003,0,157.37000000000003,0,149.3000000000001,0,0,13,285.0,0
487,0,257.75,148.74999999999994,0,202.45000000000005,0,135.00000000000003,0,0,20,485.0,1
488,0,259.0,221.29999999999995,0,156.12000000000006,0,153.20000000000005,0,0,13,281.0,0
489,0,281.91999999999996,72.3,0,201.98000000000002,0,111.35999999999996,0,1,21,641.0,1
490,0,496.9499999999997,123.1,1,179.51999999999992,0,144.71999999999997,0,0,22,418.0,0
491,0,258.75,133.65,0,155.97000000000006,0,140.42000000000007,0,0,6,277.0,0
492,0,300.89999999999986,123.40000000000003,0,181.47,0,145.62000000000003,0,1,19,502.0,0
493,0,251.0799999999998,72.69999999999999,0,198.79999999999998,0,109.59999999999998,0,1,17,746.0,0
494,0,331.55000000000007,99.04999999999997,0,202.29,0,111.4,0,1,23,614.0,1
495,0,252.5,143.44999999999996,0,177.79999999999998,0,147.74,0,0,16,454.0,0
496,1,293.6,136.35,0,188.59999999999997,0,187.28000000000003,0,0,26,478.0,0
497,0,267.18999999999977,72.74999999999999,0,200.79,0,110.59999999999997,0,1,20,689.0,0
498,1,597.2,447.95000000000005,1,185.33000000000004,0,174.61999999999995,0,0,30,383.0,0
499,1,528.1500000000001,589.6999999999998,1,182.12999999999985,1,182.38000000000005,1,0,32,324.0,0
500,1,546.2500000000001,503.3000000000002,1,269.84000000000003,1,171.79,1,0,34,344.0,1
501,1,493.20000000000016,604.6500000000001,1,179.10000000000002,1,252.92000000000002,1,0,33,343.0,0
502,0,641.5,498.40000000000015,1,211.9499999999999,1,115.73999999999992,1,1,34,665.0,1
503,1,343.6500000000001,468.54999999999995,0,213.87000000000003,1,173.79999999999998,0,1,37,696.0,1
504,0,477.25,456.8500000000002,1,191.81999999999988,0,104.12999999999992,0,0,26,463.0,0
505,1,308.25,532.9499999999999,0,256.2200000000001,1,185.38000000000008,1,0,34,388.0,1
506,0,571.75,581.7000000000004,1,185.66999999999993,1,169.74000000000004,1,0,32,314.0,0
507,1,356.2500000000001,663.9999999999998,0,174.88999999999993,0,171.20000000000002,1,0,28,335.0,0
508,1,338.1000000000001,564.4000000000002,0,202.65000000000018,1,188.85000000000014,1,1,37,578.0,1
509,0,321.0,532.0,0,322.9799999999999,1,168.0,1,0,32,338.0,1
510,0,257.25,178.44999999999993,0,162.71000000000004,0,148.18000000000006,0,0,11,314.0,0
511,0,303.2999999999999,122.05000000000003,0,175.01999999999998,0,146.16000000000003,0,0,18,446.0,0
512,0,254.5,175.04999999999998,0,172.55999999999997,0,153.29999999999998,0,0,14,383.0,0
513,0,254.5,224.60000000000002,0,172.55999999999997,0,157.29999999999998,0,0,18,393.0,0
514,0,269.75,190.95,0,156.17000000000004,0,146.66000000000008,0,0,11,263.0,0
515,0,262.39999999999986,124.0,0,183.66,0,122.94000000000004,0,0,16,487.0,0
516,0,261.25,187.79999999999984,0,151.9700000000001,0,141.02000000000004,0,0,8,222.0,0
517,0,291.16000000000014,146.30000000000004,0,155.9600000000001,0,140.56000000000003,0,0,8,200.0,0
518,0,253.0,185.35000000000002,0,175.23999999999998,0,154.38000000000005,0,0,17,443.0,0
519,0,345.15,204.9,0,180.5399999999999,0,159.69999999999996,0,0,26,425.0,0
520,0,367.5000000000002,226.05000000000007,1,150.22000000000014,0,146.72000000000003,0,0,15,194.0,0
521,0,337.05,191.80000000000007,0,178.61999999999995,0,164.72999999999996,0,0,26,418.0,0
522,0,350.69999999999993,172.70000000000002,0,150.74000000000012,0,165.77999999999994,0,0,17,211.0,0
523,0,254.45,188.55,0,174.39,0,158.33999999999997,0,0,19,442.0,0
524,0,290.8499999999999,188.64999999999984,0,202.57999999999987,0,142.52,0,0,18,200.0,1
525,0,317.99,89.54999999999997,0,182.32,0,136.88000000000005,0,0,17,437.0,0
526,0,247.25,105.25000000000003,0,193.97,0,106.47999999999996,0,1,15,620.0,0
527,0,351.2500000000002,74.69999999999996,0,187.16,0,102.29999999999995,0,1,20,568.0,0
528,0,332.25,495.85,0,170.8499999999999,0,162.27,1,0,22,287.0,0
529,1,339.1,416.35000000000014,0,252.19000000000003,1,215.69000000000003,0,1,39,932.0,1
530,0,793.9999999999999,538.35,1,223.2300000000002,1,121.9599999999999,1,1,35,700.0,1
531,0,307.0,568.0000000000001,0,192.79999999999995,0,136.14,1,0,26,390.0,0
532,1,512.5499999999996,581.0,1,168.18,0,299.1,1,0,29,255.0,0
