cityId,PlainsHills,PlainsMountain,PlainsHillsBonus,PlainsRainforest,Plains,PlainsHillsWoodsLux,DesertHillsLux,PlainsWoods,PlainsWheat,PlainsHillsRainforest,Grassland,PlainsHillsWoods,DesertHills,PlainsRainforestBonus,CoastandLake,GrasslandHillsLux,DesertMountain,Desert,PlainsHillsLux,CoastandLakeBonus,GrasslandWoods,GrasslandHillsStone,GrasslandMarsh,GrasslandHills,GrasslandCattle,GrasslandStone,GrasslandLux,Ocean,Tundra,GrasslandHorses,Snow,GrasslandWoodsBonus,GrasslandHillsWoods,PlainsRainforestLux,GrasslandRice,PlainsLux,GrasslandMountain,CoastandLakeReef,DesertFloodplainsLux,DesertFloodplains,CoastandLakeLux,CoastandLakeReefBonus,PlainsHorses,DesertHillsBonus,TundraWoods,TundraBonus,TundraMountain,GrasslandHillsBonus,CoastandLakeReefLux,PlainsWoodsBonus,DesertFloodplainsWheat,GrasslandMarshRice,PlainsHillsRainforestBonus,GrasslandWoodsLux,PlainsWoodsLux,TundraHills,PlainsHillsRainforestLux,GrasslandMarshLux,DesertLux,GrasslandHillsWoodsLux,TundraWoodsLux,GrasslandHillsWoodsBonus,TundraHillsBonus,DesertOasis,PlainsHillsWoodsBonus,TundraHillsWoods,TundraHillsLux,hasRiver,cityHasRiver
1,10.53,5.26,5.26,5.26,26.32,5.26,5.26,15.79,5.26,5.26,5.26,5.26,0.0,0.0,0.0,0.0,0.0,0.0,0.0,0.0,0.0,0.0,0.0,0.0,0.0,0.0,0.0,0.0,0.0,0.0,0.0,0.0,0.0,0.0,0.0,0.0,0.0,0.0,0.0,0.0,0.0,0.0,0.0,0.0,0.0,0.0,0.0,0.0,0.0,0.0,0.0,0.0,0.0,0.0,0.0,0.0,0.0,0.0,0.0,0.0,0.0,0.0,0.0,0.0,0.0,0.0,0.0,31.58,1.0
2,0.0,0.0,0.0,10.53,10.53,0.0,5.26,10.53,0.0,0.0,0.0,5.26,5.26,5.26,10.53,5.26,10.53,5.26,5.26,5.26,5.26,0.0,0.0,0.0,0.0,0.0,0.0,0.0,0.0,0.0,0.0,0.0,0.0,0.0,0.0,0.0,0.0,0.0,0.0,0.0,0.0,0.0,0.0,0.0,0.0,0.0,0.0,0.0,0.0,0.0,0.0,0.0,0.0,0.0,0.0,0.0,0.0,0.0,0.0,0.0,0.0,0.0,0.0,0.0,0.0,0.0,0.0,15.79,1.0
3,5.26,0.0,0.0,5.26,31.58,0.0,0.0,10.53,0.0,0.0,10.53,0.0,0.0,0.0,0.0,0.0,0.0,0.0,0.0,0.0,5.26,5.26,5.26,5.26,5.26,5.26,5.26,0.0,0.0,0.0,0.0,0.0,0.0,0.0,0.0,0.0,0.0,0.0,0.0,0.0,0.0,0.0,0.0,0.0,0.0,0.0,0.0,0.0,0.0,0.0,0.0,0.0,0.0,0.0,0.0,0.0,0.0,0.0,0.0,0.0,0.0,0.0,0.0,0.0,0.0,0.0,0.0,52.63,1.0
4,5.26,0.0,0.0,10.53,15.79,0.0,0.0,5.26,5.26,0.0,0.0,5.26,0.0,0.0,26.32,0.0,0.0,0.0,0.0,5.26,0.0,0.0,0.0,0.0,0.0,0.0,0.0,21.05,0.0,0.0,0.0,0.0,0.0,0.0,0.0,0.0,0.0,0.0,0.0,0.0,0.0,0.0,0.0,0.0,0.0,0.0,0.0,0.0,0.0,0.0,0.0,0.0,0.0,0.0,0.0,0.0,0.0,0.0,0.0,0.0,0.0,0.0,0.0,0.0,0.0,0.0,0.0,0.0,0.0
5,0.0,0.0,0.0,0.0,0.0,0.0,0.0,0.0,0.0,0.0,31.58,0.0,0.0,0.0,0.0,0.0,0.0,0.0,0.0,0.0,0.0,0.0,5.26,5.26,0.0,0.0,0.0,0.0,31.58,5.26,5.26,5.26,5.26,5.26,0.0,0.0,0.0,0.0,0.0,0.0,0.0,0.0,0.0,0.0,0.0,0.0,0.0,0.0,0.0,0.0,0.0,0.0,0.0,0.0,0.0,0.0,0.0,0.0,0.0,0.0,0.0,0.0,0.0,0.0,0.0,0.0,0.0,42.11,1.0
6,0.0,0.0,0.0,0.0,0.0,0.0,0.0,0.0,0.0,0.0,42.11,0.0,0.0,0.0,0.0,0.0,0.0,0.0,0.0,0.0,15.79,5.26,0.0,5.26,10.53,5.26,0.0,0.0,0.0,5.26,0.0,0.0,5.26,0.0,5.26,0.0,0.0,0.0,0.0,0.0,0.0,0.0,0.0,0.0,0.0,0.0,0.0,0.0,0.0,0.0,0.0,0.0,0.0,0.0,0.0,0.0,0.0,0.0,0.0,0.0,0.0,0.0,0.0,0.0,0.0,0.0,0.0,78.95,1.0
7,21.05,10.53,0.0,21.05,15.79,0.0,0.0,10.53,5.26,0.0,0.0,0.0,0.0,0.0,10.53,0.0,0.0,0.0,0.0,0.0,0.0,0.0,0.0,0.0,0.0,0.0,0.0,0.0,0.0,0.0,0.0,0.0,0.0,0.0,0.0,5.26,0.0,0.0,0.0,0.0,0.0,0.0,0.0,0.0,0.0,0.0,0.0,0.0,0.0,0.0,0.0,0.0,0.0,0.0,0.0,0.0,0.0,0.0,0.0,0.0,0.0,0.0,0.0,0.0,0.0,0.0,0.0,31.58,1.0
8,0.0,0.0,0.0,5.26,10.53,0.0,0.0,0.0,0.0,10.53,15.79,0.0,0.0,0.0,15.79,0.0,0.0,0.0,0.0,5.26,0.0,0.0,5.26,5.26,0.0,5.26,5.26,0.0,0.0,0.0,0.0,5.26,0.0,0.0,0.0,0.0,5.26,5.26,0.0,0.0,0.0,0.0,0.0,0.0,0.0,0.0,0.0,0.0,0.0,0.0,0.0,0.0,0.0,0.0,0.0,0.0,0.0,0.0,0.0,0.0,0.0,0.0,0.0,0.0,0.0,0.0,0.0,21.05,1.0
9,5.26,5.26,0.0,15.79,10.53,0.0,0.0,10.53,10.53,15.79,5.26,5.26,0.0,0.0,0.0,0.0,0.0,0.0,0.0,0.0,5.26,0.0,0.0,5.26,0.0,0.0,0.0,0.0,0.0,0.0,0.0,0.0,0.0,5.26,0.0,0.0,0.0,0.0,0.0,0.0,0.0,0.0,0.0,0.0,0.0,0.0,0.0,0.0,0.0,0.0,0.0,0.0,0.0,0.0,0.0,0.0,0.0,0.0,0.0,0.0,0.0,0.0,0.0,0.0,0.0,0.0,0.0,31.58,1.0
10,21.05,15.79,5.26,0.0,10.53,0.0,0.0,5.26,0.0,0.0,15.79,0.0,0.0,0.0,0.0,0.0,0.0,10.53,0.0,0.0,5.26,0.0,0.0,0.0,0.0,0.0,5.26,0.0,0.0,0.0,0.0,0.0,0.0,0.0,0.0,0.0,0.0,0.0,5.26,0.0,0.0,0.0,0.0,0.0,0.0,0.0,0.0,0.0,0.0,0.0,0.0,0.0,0.0,0.0,0.0,0.0,0.0,0.0,0.0,0.0,0.0,0.0,0.0,0.0,0.0,0.0,0.0,73.68,1.0
11,15.79,5.26,0.0,26.32,10.53,0.0,0.0,10.53,10.53,0.0,0.0,0.0,0.0,5.26,0.0,0.0,0.0,0.0,0.0,0.0,5.26,0.0,0.0,5.26,0.0,0.0,0.0,0.0,0.0,0.0,0.0,0.0,5.26,0.0,0.0,0.0,0.0,0.0,0.0,0.0,0.0,0.0,0.0,0.0,0.0,0.0,0.0,0.0,0.0,0.0,0.0,0.0,0.0,0.0,0.0,0.0,0.0,0.0,0.0,0.0,0.0,0.0,0.0,0.0,0.0,0.0,0.0,63.16,1.0
12,10.53,0.0,0.0,10.53,21.05,5.26,0.0,0.0,5.26,10.53,10.53,0.0,0.0,0.0,0.0,0.0,0.0,0.0,0.0,0.0,5.26,0.0,5.26,5.26,5.26,0.0,0.0,0.0,0.0,0.0,0.0,0.0,0.0,0.0,0.0,5.26,0.0,0.0,0.0,0.0,0.0,0.0,0.0,0.0,0.0,0.0,0.0,0.0,0.0,0.0,0.0,0.0,0.0,0.0,0.0,0.0,0.0,0.0,0.0,0.0,0.0,0.0,0.0,0.0,0.0,0.0,0.0,26.32,1.0
13,0.0,0.0,0.0,0.0,10.53,0.0,0.0,0.0,0.0,0.0,0.0,0.0,5.26,0.0,21.05,0.0,5.26,10.53,0.0,5.26,0.0,0.0,15.79,5.26,0.0,0.0,0.0,0.0,0.0,0.0,0.0,5.26,0.0,0.0,0.0,0.0,0.0,5.26,0.0,5.26,5.26,0.0,0.0,0.0,0.0,0.0,0.0,0.0,0.0,0.0,0.0,0.0,0.0,0.0,0.0,0.0,0.0,0.0,0.0,0.0,0.0,0.0,0.0,0.0,0.0,0.0,0.0,31.58,1.0
14,5.26,0.0,0.0,0.0,21.05,0.0,0.0,0.0,0.0,0.0,15.79,0.0,0.0,0.0,26.32,0.0,0.0,0.0,0.0,5.26,10.53,0.0,0.0,0.0,0.0,0.0,0.0,10.53,0.0,0.0,0.0,0.0,0.0,0.0,0.0,0.0,0.0,0.0,0.0,0.0,0.0,5.26,0.0,0.0,0.0,0.0,0.0,0.0,0.0,0.0,0.0,0.0,0.0,0.0,0.0,0.0,0.0,0.0,0.0,0.0,0.0,0.0,0.0,0.0,0.0,0.0,0.0,26.32,1.0
15,5.26,0.0,0.0,15.79,10.53,0.0,0.0,0.0,0.0,5.26,5.26,0.0,0.0,5.26,26.32,0.0,0.0,0.0,0.0,0.0,5.26,0.0,5.26,5.26,0.0,0.0,0.0,0.0,0.0,0.0,0.0,0.0,0.0,0.0,0.0,0.0,0.0,5.26,0.0,0.0,0.0,0.0,5.26,0.0,0.0,0.0,0.0,0.0,0.0,0.0,0.0,0.0,0.0,0.0,0.0,0.0,0.0,0.0,0.0,0.0,0.0,0.0,0.0,0.0,0.0,0.0,0.0,31.58,1.0
16,5.26,5.26,0.0,10.53,0.0,0.0,0.0,5.26,5.26,0.0,10.53,0.0,0.0,5.26,0.0,0.0,21.05,15.79,0.0,0.0,10.53,0.0,0.0,0.0,0.0,0.0,0.0,0.0,0.0,0.0,0.0,0.0,0.0,0.0,0.0,0.0,0.0,0.0,0.0,0.0,0.0,0.0,0.0,5.26,0.0,0.0,0.0,0.0,0.0,0.0,0.0,0.0,0.0,0.0,0.0,0.0,0.0,0.0,0.0,0.0,0.0,0.0,0.0,0.0,0.0,0.0,0.0,52.63,1.0
17,0.0,0.0,0.0,0.0,0.0,0.0,0.0,0.0,0.0,0.0,21.05,0.0,0.0,0.0,21.05,0.0,0.0,0.0,5.26,0.0,0.0,0.0,5.26,5.26,0.0,0.0,10.53,0.0,21.05,0.0,0.0,0.0,0.0,0.0,0.0,0.0,0.0,0.0,0.0,0.0,0.0,0.0,0.0,0.0,5.26,5.26,0.0,0.0,0.0,0.0,0.0,0.0,0.0,0.0,0.0,0.0,0.0,0.0,0.0,0.0,0.0,0.0,0.0,0.0,0.0,0.0,0.0,0.0,0.0
18,0.0,0.0,0.0,5.26,0.0,0.0,0.0,0.0,0.0,0.0,31.58,0.0,0.0,0.0,5.26,0.0,0.0,0.0,0.0,5.26,5.26,0.0,0.0,5.26,5.26,5.26,15.79,0.0,0.0,0.0,0.0,5.26,5.26,0.0,0.0,5.26,0.0,0.0,0.0,0.0,0.0,0.0,0.0,0.0,0.0,0.0,0.0,0.0,0.0,0.0,0.0,0.0,0.0,0.0,0.0,0.0,0.0,0.0,0.0,0.0,0.0,0.0,0.0,0.0,0.0,0.0,0.0,42.11,1.0
19,0.0,0.0,0.0,0.0,0.0,0.0,0.0,0.0,0.0,0.0,42.11,0.0,0.0,0.0,0.0,0.0,0.0,10.53,0.0,0.0,5.26,0.0,0.0,10.53,0.0,0.0,10.53,0.0,5.26,0.0,0.0,5.26,0.0,0.0,5.26,0.0,0.0,0.0,0.0,0.0,0.0,0.0,0.0,0.0,0.0,0.0,5.26,0.0,0.0,0.0,0.0,0.0,0.0,0.0,0.0,0.0,0.0,0.0,0.0,0.0,0.0,0.0,0.0,0.0,0.0,0.0,0.0,31.58,1.0
20,0.0,0.0,0.0,0.0,0.0,0.0,0.0,0.0,0.0,0.0,0.0,0.0,0.0,0.0,15.79,10.53,0.0,0.0,0.0,10.53,0.0,0.0,0.0,36.84,0.0,0.0,5.26,0.0,0.0,0.0,0.0,0.0,5.26,0.0,0.0,0.0,0.0,0.0,0.0,0.0,0.0,0.0,0.0,0.0,0.0,0.0,0.0,10.53,5.26,0.0,0.0,0.0,0.0,0.0,0.0,0.0,0.0,0.0,0.0,0.0,0.0,0.0,0.0,0.0,0.0,0.0,0.0,0.0,0.0
21,0.0,0.0,0.0,0.0,0.0,0.0,10.53,5.26,0.0,0.0,0.0,5.26,15.79,0.0,15.79,0.0,0.0,0.0,0.0,21.05,0.0,0.0,0.0,10.53,0.0,0.0,0.0,5.26,0.0,0.0,0.0,0.0,10.53,0.0,0.0,0.0,0.0,0.0,0.0,0.0,0.0,0.0,0.0,0.0,0.0,0.0,0.0,0.0,0.0,0.0,0.0,0.0,0.0,0.0,0.0,0.0,0.0,0.0,0.0,0.0,0.0,0.0,0.0,0.0,0.0,0.0,0.0,36.84,1.0
22,5.26,0.0,0.0,0.0,31.58,0.0,0.0,5.26,0.0,0.0,0.0,0.0,5.26,0.0,0.0,0.0,21.05,0.0,0.0,0.0,0.0,0.0,0.0,0.0,0.0,0.0,0.0,0.0,0.0,0.0,0.0,0.0,0.0,0.0,0.0,5.26,0.0,0.0,0.0,15.79,0.0,0.0,0.0,0.0,0.0,0.0,0.0,0.0,0.0,5.26,5.26,0.0,0.0,0.0,0.0,0.0,0.0,0.0,0.0,0.0,0.0,0.0,0.0,0.0,0.0,0.0,0.0,52.63,1.0
23,36.84,0.0,0.0,0.0,15.79,0.0,0.0,21.05,10.53,0.0,0.0,0.0,0.0,0.0,0.0,0.0,0.0,0.0,0.0,0.0,0.0,0.0,0.0,5.26,0.0,0.0,0.0,0.0,0.0,0.0,0.0,0.0,0.0,0.0,0.0,10.53,0.0,0.0,0.0,0.0,0.0,0.0,0.0,0.0,0.0,0.0,0.0,0.0,0.0,0.0,0.0,0.0,0.0,0.0,0.0,0.0,0.0,0.0,0.0,0.0,0.0,0.0,0.0,0.0,0.0,0.0,0.0,52.63,1.0
24,10.53,10.53,0.0,0.0,21.05,0.0,0.0,5.26,0.0,0.0,0.0,10.53,0.0,0.0,21.05,0.0,0.0,5.26,0.0,5.26,0.0,0.0,0.0,0.0,0.0,0.0,0.0,5.26,0.0,0.0,0.0,0.0,0.0,0.0,0.0,5.26,0.0,0.0,0.0,0.0,0.0,0.0,0.0,0.0,0.0,0.0,0.0,0.0,0.0,0.0,0.0,0.0,0.0,0.0,0.0,0.0,0.0,0.0,0.0,0.0,0.0,0.0,0.0,0.0,0.0,0.0,0.0,0.0,0.0
25,0.0,0.0,0.0,0.0,0.0,0.0,0.0,0.0,0.0,0.0,52.63,0.0,0.0,0.0,0.0,0.0,0.0,0.0,0.0,0.0,5.26,0.0,5.26,5.26,5.26,21.05,0.0,0.0,0.0,0.0,0.0,0.0,5.26,0.0,0.0,0.0,0.0,0.0,0.0,0.0,0.0,0.0,0.0,0.0,0.0,0.0,0.0,0.0,0.0,0.0,0.0,0.0,0.0,0.0,0.0,0.0,0.0,0.0,0.0,0.0,0.0,0.0,0.0,0.0,0.0,0.0,0.0,57.89,1.0
26,0.0,0.0,0.0,0.0,0.0,0.0,0.0,0.0,0.0,0.0,63.16,0.0,0.0,0.0,0.0,0.0,0.0,0.0,0.0,0.0,10.53,0.0,0.0,5.26,0.0,10.53,0.0,0.0,0.0,0.0,0.0,5.26,0.0,0.0,5.26,0.0,0.0,0.0,0.0,0.0,0.0,0.0,0.0,0.0,0.0,0.0,0.0,0.0,0.0,0.0,0.0,0.0,0.0,0.0,0.0,0.0,0.0,0.0,0.0,0.0,0.0,0.0,0.0,0.0,0.0,0.0,0.0,68.42,1.0
27,0.0,0.0,0.0,0.0,10.53,0.0,0.0,10.53,0.0,0.0,15.79,5.26,0.0,0.0,0.0,5.26,0.0,0.0,0.0,0.0,15.79,0.0,5.26,5.26,5.26,5.26,0.0,0.0,0.0,0.0,0.0,0.0,5.26,0.0,0.0,0.0,5.26,0.0,0.0,0.0,0.0,0.0,0.0,0.0,0.0,0.0,0.0,0.0,0.0,0.0,0.0,5.26,0.0,0.0,0.0,0.0,0.0,0.0,0.0,0.0,0.0,0.0,0.0,0.0,0.0,0.0,0.0,52.63,1.0
28,0.0,0.0,0.0,63.16,10.53,0.0,0.0,0.0,5.26,0.0,0.0,0.0,0.0,10.53,0.0,0.0,0.0,0.0,0.0,0.0,0.0,5.26,0.0,0.0,0.0,0.0,0.0,0.0,0.0,0.0,0.0,0.0,0.0,0.0,0.0,0.0,0.0,0.0,0.0,0.0,0.0,0.0,0.0,0.0,0.0,0.0,0.0,0.0,0.0,0.0,0.0,0.0,5.26,0.0,0.0,0.0,0.0,0.0,0.0,0.0,0.0,0.0,0.0,0.0,0.0,0.0,0.0,68.42,1.0
29,5.26,0.0,0.0,31.58,0.0,0.0,0.0,0.0,0.0,5.26,0.0,0.0,0.0,10.53,0.0,0.0,0.0,0.0,0.0,0.0,31.58,0.0,5.26,0.0,0.0,0.0,0.0,0.0,0.0,0.0,0.0,0.0,5.26,5.26,0.0,0.0,0.0,0.0,0.0,0.0,0.0,0.0,0.0,0.0,0.0,0.0,0.0,0.0,0.0,0.0,0.0,0.0,0.0,0.0,0.0,0.0,0.0,0.0,0.0,0.0,0.0,0.0,0.0,0.0,0.0,0.0,0.0,31.58,1.0
30,5.26,0.0,0.0,0.0,52.63,0.0,0.0,15.79,0.0,0.0,0.0,0.0,0.0,0.0,0.0,0.0,0.0,0.0,0.0,0.0,0.0,0.0,5.26,5.26,0.0,5.26,0.0,0.0,0.0,0.0,0.0,0.0,0.0,0.0,5.26,5.26,0.0,0.0,0.0,0.0,0.0,0.0,0.0,0.0,0.0,0.0,0.0,0.0,0.0,0.0,0.0,0.0,0.0,0.0,0.0,0.0,0.0,0.0,0.0,0.0,0.0,0.0,0.0,0.0,0.0,0.0,0.0,47.37,1.0
31,21.05,21.05,0.0,5.26,10.53,0.0,0.0,0.0,0.0,5.26,5.26,5.26,0.0,0.0,5.26,0.0,0.0,0.0,0.0,0.0,5.26,0.0,0.0,0.0,5.26,0.0,0.0,0.0,0.0,0.0,0.0,0.0,0.0,0.0,0.0,0.0,5.26,0.0,0.0,0.0,0.0,0.0,0.0,0.0,0.0,0.0,0.0,0.0,0.0,0.0,0.0,0.0,0.0,5.26,0.0,0.0,0.0,0.0,0.0,0.0,0.0,0.0,0.0,0.0,0.0,0.0,0.0,42.11,1.0
32,0.0,0.0,0.0,0.0,0.0,0.0,0.0,0.0,0.0,0.0,10.53,0.0,0.0,0.0,47.37,0.0,0.0,0.0,0.0,5.26,0.0,0.0,0.0,10.53,0.0,0.0,5.26,10.53,0.0,5.26,0.0,0.0,5.26,0.0,0.0,0.0,0.0,0.0,0.0,0.0,0.0,0.0,0.0,0.0,0.0,0.0,0.0,0.0,0.0,0.0,0.0,0.0,0.0,0.0,0.0,0.0,0.0,0.0,0.0,0.0,0.0,0.0,0.0,0.0,0.0,0.0,0.0,15.79,1.0
33,0.0,0.0,0.0,0.0,0.0,0.0,0.0,0.0,0.0,0.0,26.32,0.0,0.0,0.0,21.05,0.0,0.0,0.0,0.0,10.53,10.53,5.26,0.0,5.26,0.0,10.53,0.0,10.53,0.0,0.0,0.0,0.0,0.0,0.0,0.0,0.0,0.0,0.0,0.0,0.0,0.0,0.0,0.0,0.0,0.0,0.0,0.0,0.0,0.0,0.0,0.0,0.0,0.0,0.0,0.0,0.0,0.0,0.0,0.0,0.0,0.0,0.0,0.0,0.0,0.0,0.0,0.0,26.32,1.0
34,0.0,0.0,0.0,10.53,0.0,0.0,0.0,0.0,0.0,5.26,15.79,0.0,0.0,5.26,5.26,0.0,0.0,0.0,0.0,0.0,26.32,0.0,0.0,10.53,0.0,0.0,0.0,0.0,0.0,0.0,0.0,0.0,5.26,5.26,0.0,0.0,0.0,0.0,0.0,0.0,0.0,0.0,0.0,0.0,0.0,0.0,0.0,0.0,0.0,0.0,0.0,0.0,0.0,10.53,0.0,0.0,0.0,0.0,0.0,0.0,0.0,0.0,0.0,0.0,0.0,0.0,0.0,47.37,1.0
35,15.79,5.26,0.0,0.0,42.11,5.26,0.0,0.0,10.53,0.0,5.26,0.0,0.0,0.0,5.26,0.0,0.0,0.0,0.0,0.0,0.0,0.0,0.0,0.0,0.0,0.0,0.0,0.0,0.0,0.0,0.0,5.26,0.0,0.0,0.0,5.26,0.0,0.0,0.0,0.0,0.0,0.0,0.0,0.0,0.0,0.0,0.0,0.0,0.0,0.0,0.0,0.0,0.0,0.0,0.0,0.0,0.0,0.0,0.0,0.0,0.0,0.0,0.0,0.0,0.0,0.0,0.0,31.58,1.0
36,15.79,5.26,0.0,10.53,15.79,0.0,0.0,5.26,5.26,0.0,0.0,0.0,0.0,0.0,21.05,0.0,0.0,0.0,0.0,5.26,0.0,0.0,0.0,0.0,0.0,0.0,0.0,0.0,0.0,0.0,0.0,0.0,0.0,0.0,0.0,10.53,0.0,0.0,0.0,0.0,0.0,0.0,5.26,0.0,0.0,0.0,0.0,0.0,0.0,0.0,0.0,0.0,0.0,0.0,0.0,0.0,0.0,0.0,0.0,0.0,0.0,0.0,0.0,0.0,0.0,0.0,0.0,26.32,1.0
37,0.0,0.0,0.0,0.0,5.26,0.0,0.0,0.0,0.0,0.0,31.58,0.0,0.0,0.0,0.0,0.0,0.0,0.0,0.0,0.0,15.79,0.0,5.26,21.05,5.26,10.53,0.0,0.0,0.0,0.0,0.0,0.0,5.26,0.0,0.0,0.0,0.0,0.0,0.0,0.0,0.0,0.0,0.0,0.0,0.0,0.0,0.0,0.0,0.0,0.0,0.0,0.0,0.0,0.0,0.0,0.0,0.0,0.0,0.0,0.0,0.0,0.0,0.0,0.0,0.0,0.0,0.0,0.0,0.0
38,0.0,0.0,0.0,15.79,0.0,0.0,0.0,0.0,0.0,0.0,42.11,0.0,0.0,0.0,10.53,0.0,0.0,0.0,0.0,0.0,0.0,0.0,15.79,0.0,10.53,0.0,0.0,0.0,0.0,0.0,0.0,0.0,0.0,0.0,0.0,0.0,0.0,0.0,0.0,0.0,0.0,0.0,0.0,0.0,0.0,0.0,0.0,0.0,5.26,0.0,0.0,0.0,0.0,0.0,0.0,0.0,0.0,0.0,0.0,0.0,0.0,0.0,0.0,0.0,0.0,0.0,0.0,0.0,0.0
39,5.26,0.0,0.0,0.0,0.0,0.0,5.26,0.0,0.0,0.0,5.26,0.0,0.0,0.0,26.32,0.0,0.0,15.79,0.0,5.26,0.0,0.0,5.26,26.32,0.0,0.0,0.0,0.0,0.0,0.0,0.0,0.0,0.0,0.0,0.0,0.0,5.26,0.0,0.0,0.0,0.0,0.0,0.0,0.0,0.0,0.0,0.0,0.0,0.0,0.0,0.0,0.0,0.0,0.0,0.0,0.0,0.0,0.0,0.0,0.0,0.0,0.0,0.0,0.0,0.0,0.0,0.0,0.0,0.0
40,0.0,0.0,0.0,0.0,10.53,0.0,0.0,0.0,0.0,0.0,21.05,0.0,5.26,0.0,0.0,0.0,0.0,31.58,0.0,0.0,10.53,0.0,0.0,5.26,0.0,0.0,5.26,0.0,0.0,0.0,0.0,0.0,0.0,0.0,0.0,0.0,0.0,0.0,0.0,5.26,0.0,0.0,0.0,0.0,0.0,0.0,0.0,0.0,0.0,0.0,0.0,0.0,0.0,0.0,5.26,0.0,0.0,0.0,0.0,0.0,0.0,0.0,0.0,0.0,0.0,0.0,0.0,42.11,1.0
41,0.0,0.0,0.0,0.0,10.53,0.0,0.0,0.0,5.26,0.0,0.0,0.0,15.79,0.0,0.0,0.0,0.0,26.32,0.0,0.0,0.0,0.0,0.0,0.0,0.0,0.0,0.0,0.0,0.0,0.0,0.0,0.0,0.0,0.0,0.0,0.0,0.0,0.0,0.0,31.58,0.0,0.0,5.26,5.26,0.0,0.0,0.0,0.0,0.0,0.0,0.0,0.0,0.0,0.0,0.0,0.0,0.0,0.0,0.0,0.0,0.0,0.0,0.0,0.0,0.0,0.0,0.0,47.37,1.0
42,0.0,0.0,0.0,0.0,0.0,0.0,0.0,5.26,0.0,0.0,5.26,0.0,21.05,0.0,15.79,0.0,0.0,15.79,0.0,0.0,10.53,5.26,0.0,10.53,0.0,0.0,0.0,0.0,0.0,0.0,0.0,0.0,5.26,0.0,0.0,0.0,0.0,0.0,0.0,5.26,0.0,0.0,0.0,0.0,0.0,0.0,0.0,0.0,0.0,0.0,0.0,0.0,0.0,0.0,0.0,0.0,0.0,0.0,0.0,0.0,0.0,0.0,0.0,0.0,0.0,0.0,0.0,15.79,1.0
43,10.53,0.0,5.26,0.0,26.32,0.0,0.0,0.0,5.26,0.0,10.53,5.26,0.0,0.0,0.0,0.0,0.0,0.0,0.0,0.0,10.53,0.0,0.0,10.53,5.26,5.26,0.0,0.0,0.0,0.0,0.0,0.0,0.0,0.0,0.0,0.0,0.0,0.0,0.0,0.0,0.0,0.0,0.0,0.0,0.0,0.0,0.0,5.26,0.0,0.0,0.0,0.0,0.0,0.0,0.0,0.0,0.0,0.0,0.0,0.0,0.0,0.0,0.0,0.0,0.0,0.0,0.0,47.37,1.0
44,0.0,0.0,0.0,5.26,0.0,0.0,0.0,0.0,0.0,0.0,0.0,0.0,10.53,0.0,31.58,0.0,0.0,10.53,0.0,0.0,0.0,0.0,5.26,5.26,0.0,0.0,0.0,10.53,0.0,0.0,0.0,0.0,0.0,10.53,0.0,0.0,0.0,0.0,0.0,5.26,0.0,0.0,0.0,0.0,0.0,0.0,0.0,0.0,0.0,0.0,5.26,0.0,0.0,0.0,0.0,0.0,0.0,0.0,0.0,0.0,0.0,0.0,0.0,0.0,0.0,0.0,0.0,31.58,1.0
45,10.53,0.0,0.0,0.0,26.32,0.0,0.0,5.26,10.53,0.0,0.0,0.0,0.0,0.0,26.32,0.0,0.0,5.26,0.0,0.0,0.0,0.0,0.0,0.0,0.0,0.0,0.0,0.0,0.0,0.0,0.0,0.0,0.0,5.26,0.0,10.53,0.0,0.0,0.0,0.0,0.0,0.0,0.0,0.0,0.0,0.0,0.0,0.0,0.0,0.0,0.0,0.0,0.0,0.0,0.0,0.0,0.0,0.0,0.0,0.0,0.0,0.0,0.0,0.0,0.0,0.0,0.0,21.05,1.0
46,36.84,10.53,5.26,0.0,5.26,0.0,0.0,0.0,0.0,0.0,0.0,5.26,0.0,0.0,21.05,0.0,0.0,0.0,0.0,5.26,0.0,0.0,0.0,0.0,0.0,0.0,0.0,5.26,0.0,0.0,0.0,0.0,0.0,0.0,0.0,0.0,0.0,0.0,0.0,0.0,0.0,0.0,0.0,0.0,0.0,0.0,0.0,0.0,5.26,0.0,0.0,0.0,0.0,0.0,0.0,0.0,0.0,0.0,0.0,0.0,0.0,0.0,0.0,0.0,0.0,0.0,0.0,0.0,0.0
47,21.05,0.0,0.0,0.0,5.26,0.0,0.0,0.0,0.0,0.0,0.0,0.0,0.0,0.0,36.84,0.0,0.0,0.0,0.0,5.26,0.0,0.0,0.0,10.53,0.0,0.0,0.0,0.0,0.0,0.0,0.0,0.0,0.0,0.0,0.0,0.0,10.53,0.0,0.0,0.0,0.0,0.0,0.0,0.0,0.0,0.0,0.0,5.26,5.26,0.0,0.0,0.0,0.0,0.0,0.0,0.0,0.0,0.0,0.0,0.0,0.0,0.0,0.0,0.0,0.0,0.0,0.0,15.79,1.0
48,0.0,0.0,0.0,0.0,26.32,0.0,0.0,10.53,5.26,0.0,26.32,0.0,0.0,0.0,0.0,0.0,0.0,0.0,0.0,0.0,5.26,0.0,0.0,5.26,0.0,10.53,0.0,0.0,0.0,5.26,0.0,0.0,0.0,0.0,0.0,5.26,0.0,0.0,0.0,0.0,0.0,0.0,0.0,0.0,0.0,0.0,0.0,0.0,0.0,0.0,0.0,0.0,0.0,0.0,0.0,0.0,0.0,0.0,0.0,0.0,0.0,0.0,0.0,0.0,0.0,0.0,0.0,68.42,1.0
49,5.26,0.0,0.0,0.0,5.26,0.0,0.0,0.0,0.0,0.0,36.84,0.0,0.0,0.0,0.0,0.0,0.0,0.0,0.0,0.0,10.53,5.26,0.0,15.79,0.0,5.26,0.0,0.0,0.0,0.0,0.0,0.0,10.53,0.0,0.0,0.0,5.26,0.0,0.0,0.0,0.0,0.0,0.0,0.0,0.0,0.0,0.0,0.0,0.0,0.0,0.0,0.0,0.0,0.0,0.0,0.0,0.0,0.0,0.0,0.0,0.0,0.0,0.0,0.0,0.0,0.0,0.0,52.63,1.0
50,15.79,10.53,5.26,0.0,15.79,0.0,0.0,5.26,5.26,0.0,0.0,0.0,0.0,0.0,0.0,0.0,0.0,0.0,0.0,0.0,0.0,0.0,0.0,0.0,0.0,0.0,0.0,0.0,15.79,0.0,0.0,0.0,0.0,0.0,0.0,5.26,0.0,0.0,0.0,0.0,0.0,0.0,0.0,0.0,5.26,0.0,0.0,0.0,0.0,5.26,0.0,0.0,0.0,0.0,0.0,10.53,0.0,0.0,0.0,0.0,0.0,0.0,0.0,0.0,0.0,0.0,0.0,73.68,1.0
51,0.0,0.0,0.0,0.0,26.32,0.0,0.0,15.79,0.0,0.0,10.53,0.0,0.0,0.0,5.26,0.0,0.0,0.0,0.0,0.0,0.0,0.0,15.79,5.26,0.0,5.26,0.0,0.0,0.0,0.0,0.0,0.0,10.53,0.0,5.26,0.0,0.0,0.0,0.0,0.0,0.0,0.0,0.0,0.0,0.0,0.0,0.0,0.0,0.0,0.0,0.0,0.0,0.0,0.0,0.0,0.0,0.0,0.0,0.0,0.0,0.0,0.0,0.0,0.0,0.0,0.0,0.0,47.37,1.0
52,15.79,5.26,0.0,31.58,15.79,0.0,0.0,5.26,0.0,5.26,0.0,0.0,0.0,5.26,0.0,0.0,0.0,10.53,0.0,0.0,0.0,0.0,0.0,0.0,0.0,0.0,0.0,0.0,0.0,0.0,0.0,0.0,0.0,0.0,0.0,0.0,0.0,0.0,0.0,0.0,0.0,0.0,0.0,0.0,0.0,0.0,0.0,0.0,0.0,0.0,5.26,0.0,0.0,0.0,0.0,0.0,0.0,0.0,0.0,0.0,0.0,0.0,0.0,0.0,0.0,0.0,0.0,57.89,1.0
53,10.53,0.0,5.26,0.0,10.53,0.0,0.0,10.53,0.0,0.0,5.26,0.0,0.0,0.0,0.0,0.0,0.0,0.0,0.0,0.0,5.26,5.26,0.0,10.53,0.0,0.0,5.26,0.0,10.53,0.0,0.0,0.0,0.0,0.0,0.0,5.26,5.26,0.0,0.0,0.0,0.0,0.0,0.0,0.0,5.26,0.0,0.0,0.0,0.0,0.0,0.0,0.0,0.0,0.0,0.0,5.26,0.0,0.0,0.0,0.0,0.0,0.0,0.0,0.0,0.0,0.0,0.0,52.63,1.0
54,5.26,0.0,0.0,5.26,5.26,0.0,0.0,0.0,5.26,5.26,21.05,0.0,0.0,5.26,10.53,0.0,0.0,0.0,0.0,0.0,21.05,0.0,0.0,0.0,0.0,0.0,0.0,0.0,0.0,0.0,0.0,0.0,0.0,0.0,0.0,0.0,5.26,0.0,0.0,0.0,0.0,0.0,0.0,0.0,0.0,0.0,0.0,5.26,5.26,0.0,0.0,0.0,0.0,0.0,0.0,0.0,0.0,0.0,0.0,0.0,0.0,0.0,0.0,0.0,0.0,0.0,0.0,47.37,1.0
55,0.0,0.0,0.0,0.0,0.0,0.0,0.0,0.0,0.0,0.0,5.26,0.0,0.0,0.0,5.26,0.0,5.26,0.0,0.0,0.0,5.26,5.26,0.0,15.79,5.26,0.0,0.0,0.0,0.0,0.0,0.0,0.0,5.26,0.0,10.53,0.0,26.32,0.0,0.0,0.0,0.0,0.0,0.0,0.0,0.0,0.0,0.0,10.53,0.0,0.0,0.0,0.0,0.0,0.0,0.0,0.0,0.0,0.0,0.0,0.0,0.0,0.0,0.0,0.0,0.0,0.0,0.0,36.84,1.0
56,0.0,0.0,0.0,0.0,0.0,0.0,0.0,0.0,0.0,0.0,0.0,0.0,0.0,0.0,57.89,0.0,0.0,5.26,0.0,0.0,5.26,0.0,0.0,10.53,0.0,0.0,0.0,0.0,0.0,0.0,0.0,0.0,0.0,0.0,5.26,0.0,0.0,0.0,0.0,0.0,0.0,0.0,0.0,0.0,0.0,0.0,0.0,5.26,5.26,0.0,0.0,0.0,0.0,0.0,0.0,0.0,5.26,0.0,0.0,0.0,0.0,0.0,0.0,0.0,0.0,0.0,0.0,0.0,0.0
57,10.53,0.0,0.0,0.0,5.26,0.0,0.0,5.26,10.53,0.0,31.58,5.26,0.0,0.0,0.0,0.0,0.0,0.0,0.0,0.0,5.26,5.26,0.0,5.26,0.0,0.0,0.0,0.0,0.0,0.0,0.0,0.0,10.53,0.0,5.26,0.0,0.0,0.0,0.0,0.0,0.0,0.0,0.0,0.0,0.0,0.0,0.0,0.0,0.0,0.0,0.0,0.0,0.0,0.0,0.0,0.0,0.0,0.0,0.0,0.0,0.0,0.0,0.0,0.0,0.0,0.0,0.0,36.84,1.0
58,5.26,0.0,0.0,15.79,36.84,0.0,0.0,5.26,0.0,10.53,5.26,0.0,0.0,0.0,5.26,0.0,0.0,5.26,0.0,0.0,0.0,0.0,0.0,0.0,0.0,5.26,0.0,0.0,0.0,0.0,0.0,0.0,0.0,0.0,0.0,0.0,0.0,0.0,0.0,0.0,0.0,0.0,0.0,0.0,0.0,0.0,0.0,0.0,0.0,0.0,0.0,0.0,0.0,0.0,0.0,0.0,0.0,5.26,0.0,0.0,0.0,0.0,0.0,0.0,0.0,0.0,0.0,42.11,1.0
59,15.79,0.0,0.0,0.0,57.89,0.0,0.0,10.53,15.79,0.0,0.0,0.0,0.0,0.0,0.0,0.0,0.0,0.0,0.0,0.0,0.0,0.0,0.0,0.0,0.0,0.0,0.0,0.0,0.0,0.0,0.0,0.0,0.0,0.0,0.0,0.0,0.0,0.0,0.0,0.0,0.0,0.0,0.0,0.0,0.0,0.0,0.0,0.0,0.0,0.0,0.0,0.0,0.0,0.0,0.0,0.0,0.0,0.0,0.0,0.0,0.0,0.0,0.0,0.0,0.0,0.0,0.0,31.58,1.0
60,0.0,0.0,0.0,0.0,63.16,0.0,0.0,10.53,10.53,0.0,5.26,0.0,0.0,0.0,5.26,0.0,0.0,0.0,0.0,0.0,0.0,0.0,0.0,0.0,0.0,0.0,0.0,0.0,0.0,0.0,0.0,0.0,0.0,0.0,0.0,0.0,0.0,0.0,0.0,0.0,0.0,0.0,5.26,0.0,0.0,0.0,0.0,0.0,0.0,0.0,0.0,0.0,0.0,0.0,0.0,0.0,0.0,0.0,0.0,0.0,0.0,0.0,0.0,0.0,0.0,0.0,0.0,0.0,0.0
61,0.0,0.0,0.0,31.58,26.32,0.0,0.0,0.0,0.0,0.0,10.53,0.0,0.0,0.0,0.0,0.0,0.0,0.0,0.0,0.0,10.53,0.0,5.26,10.53,0.0,0.0,0.0,0.0,0.0,0.0,0.0,0.0,0.0,0.0,0.0,0.0,0.0,0.0,0.0,0.0,0.0,0.0,0.0,0.0,0.0,0.0,0.0,0.0,0.0,0.0,0.0,0.0,0.0,5.26,0.0,0.0,0.0,0.0,0.0,0.0,0.0,0.0,0.0,0.0,0.0,0.0,0.0,47.37,1.0
62,0.0,0.0,0.0,10.53,0.0,0.0,0.0,0.0,0.0,0.0,42.11,0.0,0.0,0.0,10.53,0.0,0.0,0.0,0.0,0.0,15.79,0.0,10.53,0.0,0.0,0.0,0.0,0.0,0.0,0.0,0.0,0.0,0.0,5.26,0.0,0.0,0.0,0.0,0.0,0.0,0.0,0.0,0.0,0.0,0.0,0.0,0.0,0.0,0.0,0.0,0.0,0.0,0.0,5.26,0.0,0.0,0.0,0.0,0.0,0.0,0.0,0.0,0.0,0.0,0.0,0.0,0.0,42.11,1.0
63,0.0,0.0,0.0,26.32,26.32,0.0,0.0,5.26,5.26,10.53,0.0,0.0,5.26,5.26,0.0,0.0,0.0,0.0,0.0,0.0,0.0,0.0,0.0,0.0,5.26,0.0,0.0,0.0,0.0,0.0,0.0,0.0,0.0,0.0,0.0,5.26,0.0,0.0,0.0,0.0,0.0,0.0,0.0,0.0,0.0,0.0,0.0,0.0,0.0,0.0,0.0,0.0,0.0,0.0,0.0,0.0,0.0,0.0,5.26,0.0,0.0,0.0,0.0,0.0,0.0,0.0,0.0,47.37,1.0
64,10.53,0.0,0.0,5.26,0.0,0.0,0.0,5.26,0.0,0.0,15.79,0.0,0.0,0.0,0.0,0.0,0.0,0.0,0.0,0.0,10.53,0.0,5.26,21.05,0.0,0.0,0.0,0.0,0.0,0.0,0.0,0.0,5.26,0.0,5.26,0.0,5.26,0.0,0.0,0.0,0.0,0.0,0.0,0.0,0.0,0.0,0.0,0.0,0.0,0.0,0.0,0.0,0.0,0.0,0.0,0.0,5.26,0.0,0.0,5.26,0.0,0.0,0.0,0.0,0.0,0.0,0.0,31.58,1.0
65,0.0,0.0,0.0,0.0,0.0,0.0,0.0,0.0,0.0,0.0,36.84,0.0,0.0,0.0,0.0,0.0,0.0,0.0,0.0,0.0,0.0,0.0,0.0,0.0,0.0,0.0,0.0,0.0,36.84,0.0,0.0,5.26,0.0,0.0,5.26,0.0,0.0,0.0,0.0,0.0,0.0,0.0,0.0,0.0,10.53,0.0,0.0,0.0,0.0,0.0,0.0,0.0,0.0,0.0,0.0,0.0,0.0,0.0,0.0,0.0,5.26,0.0,0.0,0.0,0.0,0.0,0.0,52.63,1.0
66,0.0,5.26,0.0,0.0,15.79,0.0,0.0,5.26,0.0,0.0,10.53,10.53,0.0,0.0,0.0,0.0,0.0,31.58,0.0,0.0,0.0,0.0,0.0,0.0,0.0,0.0,5.26,0.0,0.0,0.0,0.0,0.0,0.0,0.0,0.0,10.53,0.0,0.0,0.0,5.26,0.0,0.0,0.0,0.0,0.0,0.0,0.0,0.0,0.0,0.0,0.0,0.0,0.0,0.0,0.0,0.0,0.0,0.0,0.0,0.0,0.0,0.0,0.0,0.0,0.0,0.0,0.0,63.16,1.0
67,5.26,0.0,0.0,0.0,0.0,0.0,0.0,0.0,0.0,0.0,21.05,0.0,0.0,0.0,10.53,0.0,0.0,0.0,0.0,0.0,5.26,0.0,5.26,31.58,0.0,0.0,0.0,0.0,0.0,0.0,0.0,0.0,5.26,0.0,5.26,0.0,0.0,0.0,0.0,0.0,0.0,0.0,0.0,0.0,0.0,0.0,0.0,0.0,0.0,0.0,0.0,0.0,0.0,5.26,0.0,0.0,0.0,0.0,0.0,0.0,0.0,5.26,0.0,0.0,0.0,0.0,0.0,52.63,1.0
68,26.32,10.53,0.0,0.0,5.26,0.0,0.0,0.0,5.26,0.0,5.26,0.0,0.0,0.0,21.05,0.0,0.0,0.0,0.0,0.0,0.0,0.0,5.26,0.0,0.0,0.0,0.0,0.0,0.0,5.26,0.0,0.0,10.53,0.0,0.0,0.0,0.0,0.0,0.0,0.0,0.0,0.0,0.0,0.0,0.0,0.0,0.0,0.0,0.0,0.0,0.0,0.0,0.0,0.0,0.0,0.0,5.26,0.0,0.0,0.0,0.0,0.0,0.0,0.0,0.0,0.0,0.0,42.11,1.0
69,0.0,0.0,0.0,0.0,0.0,0.0,0.0,0.0,0.0,5.26,10.53,0.0,0.0,0.0,15.79,0.0,0.0,0.0,0.0,5.26,0.0,0.0,0.0,21.05,0.0,5.26,5.26,0.0,0.0,0.0,0.0,0.0,15.79,0.0,0.0,0.0,10.53,0.0,0.0,0.0,0.0,0.0,0.0,0.0,0.0,0.0,0.0,0.0,0.0,0.0,0.0,0.0,5.26,0.0,0.0,0.0,0.0,0.0,0.0,0.0,0.0,0.0,0.0,0.0,0.0,0.0,0.0,15.79,1.0
70,21.05,5.26,5.26,0.0,0.0,0.0,0.0,0.0,0.0,0.0,0.0,5.26,0.0,0.0,21.05,0.0,0.0,0.0,0.0,5.26,0.0,5.26,0.0,5.26,0.0,0.0,0.0,0.0,5.26,0.0,0.0,0.0,5.26,0.0,0.0,0.0,0.0,0.0,0.0,0.0,0.0,0.0,0.0,0.0,0.0,0.0,0.0,0.0,5.26,0.0,0.0,0.0,0.0,0.0,0.0,5.26,0.0,0.0,0.0,0.0,0.0,0.0,5.26,0.0,0.0,0.0,0.0,36.84,1.0
71,21.05,5.26,0.0,0.0,31.58,0.0,0.0,15.79,5.26,0.0,0.0,0.0,0.0,0.0,10.53,0.0,0.0,0.0,0.0,5.26,0.0,0.0,0.0,0.0,0.0,0.0,0.0,0.0,0.0,0.0,0.0,0.0,0.0,0.0,0.0,5.26,0.0,0.0,0.0,0.0,0.0,0.0,0.0,0.0,0.0,0.0,0.0,0.0,0.0,0.0,0.0,0.0,0.0,0.0,0.0,0.0,0.0,0.0,0.0,0.0,0.0,0.0,0.0,0.0,0.0,0.0,0.0,57.89,1.0
72,5.26,0.0,0.0,10.53,0.0,0.0,0.0,0.0,0.0,0.0,21.05,0.0,0.0,0.0,0.0,0.0,0.0,0.0,0.0,0.0,15.79,5.26,0.0,21.05,0.0,0.0,0.0,0.0,0.0,5.26,0.0,0.0,10.53,0.0,0.0,0.0,5.26,0.0,0.0,0.0,0.0,0.0,0.0,0.0,0.0,0.0,0.0,0.0,0.0,0.0,0.0,0.0,0.0,0.0,0.0,0.0,0.0,0.0,0.0,0.0,0.0,0.0,0.0,0.0,0.0,0.0,0.0,52.63,1.0
73,15.79,21.05,0.0,0.0,31.58,0.0,0.0,5.26,0.0,0.0,0.0,5.26,0.0,0.0,0.0,0.0,0.0,0.0,0.0,0.0,0.0,0.0,0.0,5.26,0.0,0.0,0.0,0.0,0.0,0.0,0.0,0.0,0.0,0.0,0.0,10.53,0.0,0.0,0.0,0.0,0.0,0.0,5.26,0.0,0.0,0.0,0.0,0.0,0.0,0.0,0.0,0.0,0.0,0.0,0.0,0.0,0.0,0.0,0.0,0.0,0.0,0.0,0.0,0.0,0.0,0.0,0.0,63.16,1.0
74,26.32,0.0,0.0,5.26,31.58,0.0,0.0,5.26,0.0,0.0,5.26,0.0,0.0,5.26,10.53,0.0,0.0,0.0,0.0,5.26,0.0,0.0,5.26,0.0,0.0,0.0,0.0,0.0,0.0,0.0,0.0,0.0,0.0,0.0,0.0,0.0,0.0,0.0,0.0,0.0,0.0,0.0,0.0,0.0,0.0,0.0,0.0,0.0,0.0,0.0,0.0,0.0,0.0,0.0,0.0,0.0,0.0,0.0,0.0,0.0,0.0,0.0,0.0,0.0,0.0,0.0,0.0,31.58,1.0
75,0.0,0.0,0.0,15.79,5.26,0.0,0.0,0.0,0.0,0.0,36.84,0.0,0.0,0.0,0.0,0.0,0.0,0.0,0.0,0.0,15.79,0.0,0.0,0.0,15.79,5.26,5.26,0.0,0.0,0.0,0.0,0.0,0.0,0.0,0.0,0.0,0.0,0.0,0.0,0.0,0.0,0.0,0.0,0.0,0.0,0.0,0.0,0.0,0.0,0.0,0.0,0.0,0.0,0.0,0.0,0.0,0.0,0.0,0.0,0.0,0.0,0.0,0.0,0.0,0.0,0.0,0.0,57.89,1.0
76,5.26,0.0,0.0,0.0,47.37,0.0,0.0,10.53,10.53,0.0,0.0,5.26,0.0,0.0,0.0,0.0,0.0,0.0,0.0,0.0,0.0,0.0,0.0,0.0,0.0,0.0,0.0,0.0,10.53,0.0,0.0,0.0,0.0,0.0,0.0,0.0,0.0,0.0,0.0,0.0,0.0,0.0,5.26,0.0,5.26,0.0,0.0,0.0,0.0,0.0,0.0,0.0,0.0,0.0,0.0,0.0,0.0,0.0,0.0,0.0,0.0,0.0,0.0,0.0,0.0,0.0,0.0,31.58,1.0
77,21.05,21.05,0.0,0.0,0.0,0.0,0.0,0.0,0.0,0.0,26.32,0.0,0.0,0.0,0.0,0.0,0.0,0.0,0.0,0.0,5.26,5.26,0.0,10.53,0.0,0.0,5.26,0.0,0.0,0.0,0.0,0.0,0.0,0.0,0.0,0.0,0.0,0.0,0.0,0.0,0.0,0.0,0.0,0.0,0.0,0.0,0.0,0.0,0.0,0.0,0.0,0.0,5.26,0.0,0.0,0.0,0.0,0.0,0.0,0.0,0.0,0.0,0.0,0.0,0.0,0.0,0.0,31.58,1.0
78,15.79,0.0,0.0,21.05,5.26,0.0,0.0,10.53,0.0,0.0,0.0,0.0,5.26,0.0,5.26,0.0,0.0,26.32,0.0,0.0,0.0,0.0,0.0,0.0,0.0,0.0,0.0,0.0,0.0,0.0,0.0,0.0,0.0,5.26,0.0,5.26,0.0,0.0,0.0,0.0,0.0,0.0,0.0,0.0,0.0,0.0,0.0,0.0,0.0,0.0,0.0,0.0,0.0,0.0,0.0,0.0,0.0,0.0,0.0,0.0,0.0,0.0,0.0,0.0,0.0,0.0,0.0,31.58,1.0
79,0.0,0.0,0.0,0.0,0.0,0.0,0.0,0.0,0.0,0.0,21.05,0.0,5.26,0.0,21.05,0.0,0.0,10.53,0.0,0.0,5.26,0.0,0.0,21.05,5.26,5.26,0.0,0.0,0.0,0.0,0.0,0.0,0.0,0.0,0.0,0.0,0.0,0.0,0.0,0.0,0.0,0.0,0.0,0.0,0.0,0.0,0.0,5.26,0.0,0.0,0.0,0.0,0.0,0.0,0.0,0.0,0.0,0.0,0.0,0.0,0.0,0.0,0.0,0.0,0.0,0.0,0.0,0.0,0.0
80,5.26,0.0,0.0,10.53,15.79,0.0,0.0,15.79,10.53,0.0,15.79,0.0,0.0,0.0,5.26,0.0,0.0,0.0,0.0,0.0,0.0,0.0,5.26,0.0,0.0,0.0,0.0,0.0,0.0,0.0,0.0,0.0,0.0,5.26,0.0,0.0,0.0,0.0,0.0,0.0,0.0,0.0,5.26,0.0,0.0,0.0,0.0,0.0,0.0,0.0,0.0,0.0,0.0,0.0,5.26,0.0,0.0,0.0,0.0,0.0,0.0,0.0,0.0,0.0,0.0,0.0,0.0,63.16,1.0
81,0.0,0.0,5.26,0.0,36.84,0.0,0.0,0.0,15.79,0.0,5.26,10.53,0.0,0.0,0.0,0.0,0.0,0.0,5.26,0.0,0.0,0.0,0.0,0.0,0.0,0.0,0.0,0.0,15.79,0.0,0.0,0.0,0.0,0.0,0.0,0.0,0.0,0.0,0.0,0.0,0.0,0.0,0.0,0.0,5.26,0.0,0.0,0.0,0.0,0.0,0.0,0.0,0.0,0.0,0.0,0.0,0.0,0.0,0.0,0.0,0.0,0.0,0.0,0.0,0.0,0.0,0.0,57.89,1.0
82,0.0,0.0,0.0,0.0,10.53,0.0,0.0,5.26,0.0,5.26,26.32,0.0,0.0,0.0,0.0,5.26,0.0,0.0,0.0,0.0,15.79,5.26,0.0,5.26,5.26,0.0,0.0,0.0,0.0,5.26,0.0,0.0,5.26,0.0,5.26,0.0,0.0,0.0,0.0,0.0,0.0,0.0,0.0,0.0,0.0,0.0,0.0,0.0,0.0,0.0,0.0,0.0,0.0,0.0,0.0,0.0,0.0,0.0,0.0,0.0,0.0,0.0,0.0,0.0,0.0,0.0,0.0,47.37,1.0
83,0.0,0.0,0.0,0.0,0.0,0.0,0.0,0.0,0.0,5.26,10.53,0.0,5.26,0.0,0.0,0.0,5.26,0.0,0.0,0.0,0.0,0.0,0.0,31.58,0.0,0.0,0.0,0.0,0.0,0.0,0.0,0.0,15.79,0.0,0.0,0.0,15.79,0.0,0.0,0.0,0.0,0.0,0.0,0.0,0.0,0.0,0.0,0.0,0.0,0.0,0.0,0.0,5.26,0.0,0.0,0.0,0.0,0.0,0.0,0.0,0.0,5.26,0.0,0.0,0.0,0.0,0.0,63.16,1.0
84,15.79,5.26,0.0,0.0,15.79,0.0,0.0,0.0,0.0,5.26,0.0,5.26,0.0,0.0,10.53,0.0,0.0,0.0,5.26,0.0,0.0,0.0,0.0,15.79,0.0,0.0,0.0,0.0,0.0,0.0,0.0,0.0,5.26,0.0,0.0,0.0,0.0,0.0,0.0,0.0,5.26,0.0,0.0,0.0,0.0,0.0,0.0,0.0,0.0,0.0,0.0,0.0,5.26,0.0,5.26,0.0,0.0,0.0,0.0,0.0,0.0,0.0,0.0,0.0,0.0,0.0,0.0,26.32,1.0
85,15.79,5.26,0.0,0.0,52.63,0.0,0.0,15.79,10.53,0.0,0.0,0.0,0.0,0.0,0.0,0.0,0.0,0.0,0.0,0.0,0.0,0.0,0.0,0.0,0.0,0.0,0.0,0.0,0.0,0.0,0.0,0.0,0.0,0.0,0.0,0.0,0.0,0.0,0.0,0.0,0.0,0.0,0.0,0.0,0.0,0.0,0.0,0.0,0.0,0.0,0.0,0.0,0.0,0.0,0.0,0.0,0.0,0.0,0.0,0.0,0.0,0.0,0.0,0.0,0.0,0.0,0.0,31.58,1.0
86,0.0,0.0,0.0,21.05,0.0,0.0,0.0,0.0,0.0,0.0,5.26,5.26,0.0,0.0,0.0,0.0,0.0,0.0,0.0,0.0,21.05,0.0,0.0,15.79,0.0,5.26,0.0,0.0,0.0,5.26,0.0,0.0,5.26,0.0,5.26,0.0,5.26,0.0,0.0,0.0,0.0,0.0,0.0,0.0,0.0,0.0,0.0,0.0,0.0,0.0,0.0,0.0,0.0,5.26,0.0,0.0,0.0,0.0,0.0,0.0,0.0,0.0,0.0,0.0,0.0,0.0,0.0,42.11,1.0
87,0.0,0.0,0.0,0.0,0.0,0.0,0.0,0.0,0.0,0.0,0.0,0.0,0.0,0.0,63.16,0.0,0.0,0.0,0.0,5.26,15.79,0.0,0.0,5.26,0.0,0.0,0.0,5.26,0.0,0.0,0.0,0.0,0.0,0.0,0.0,0.0,0.0,0.0,0.0,0.0,0.0,0.0,0.0,0.0,0.0,0.0,0.0,0.0,0.0,0.0,0.0,0.0,0.0,0.0,0.0,0.0,0.0,5.26,0.0,0.0,0.0,0.0,0.0,0.0,0.0,0.0,0.0,0.0,0.0
88,0.0,0.0,0.0,0.0,0.0,0.0,0.0,0.0,5.26,0.0,10.53,5.26,0.0,0.0,26.32,0.0,0.0,26.32,0.0,0.0,5.26,0.0,0.0,0.0,5.26,0.0,0.0,10.53,0.0,0.0,0.0,0.0,0.0,0.0,0.0,0.0,0.0,0.0,0.0,0.0,0.0,0.0,0.0,0.0,0.0,0.0,0.0,0.0,0.0,0.0,0.0,0.0,0.0,0.0,0.0,0.0,0.0,0.0,0.0,0.0,0.0,0.0,0.0,5.26,0.0,0.0,0.0,5.26,0.0
89,0.0,0.0,0.0,0.0,0.0,0.0,0.0,0.0,0.0,0.0,0.0,0.0,21.05,0.0,0.0,0.0,0.0,52.63,0.0,0.0,0.0,0.0,5.26,0.0,0.0,0.0,0.0,0.0,0.0,0.0,0.0,0.0,0.0,0.0,0.0,0.0,0.0,0.0,0.0,15.79,0.0,0.0,0.0,0.0,0.0,0.0,0.0,0.0,0.0,0.0,5.26,0.0,0.0,0.0,0.0,0.0,0.0,0.0,0.0,0.0,0.0,0.0,0.0,0.0,0.0,0.0,0.0,42.11,1.0
90,0.0,0.0,0.0,0.0,0.0,0.0,0.0,0.0,0.0,5.26,5.26,0.0,0.0,0.0,0.0,0.0,0.0,0.0,0.0,0.0,10.53,5.26,0.0,47.37,0.0,0.0,0.0,0.0,0.0,0.0,0.0,0.0,5.26,0.0,5.26,0.0,15.79,0.0,0.0,0.0,0.0,0.0,0.0,0.0,0.0,0.0,0.0,0.0,0.0,0.0,0.0,0.0,0.0,0.0,0.0,0.0,0.0,0.0,0.0,0.0,0.0,0.0,0.0,0.0,0.0,0.0,0.0,36.84,1.0
91,5.26,0.0,0.0,0.0,10.53,0.0,0.0,0.0,0.0,0.0,31.58,0.0,0.0,0.0,0.0,0.0,5.26,5.26,0.0,0.0,5.26,0.0,0.0,15.79,0.0,0.0,0.0,0.0,0.0,0.0,0.0,0.0,0.0,0.0,0.0,5.26,0.0,0.0,0.0,5.26,0.0,0.0,0.0,0.0,0.0,0.0,0.0,0.0,0.0,0.0,5.26,0.0,0.0,5.26,0.0,0.0,0.0,0.0,0.0,0.0,0.0,0.0,0.0,0.0,0.0,0.0,0.0,36.84,1.0
92,0.0,0.0,0.0,0.0,5.26,0.0,0.0,0.0,5.26,0.0,21.05,0.0,0.0,0.0,21.05,0.0,0.0,0.0,0.0,5.26,0.0,0.0,0.0,0.0,0.0,0.0,0.0,10.53,15.79,0.0,0.0,0.0,5.26,0.0,0.0,0.0,0.0,0.0,0.0,0.0,0.0,0.0,0.0,0.0,0.0,0.0,0.0,5.26,0.0,0.0,0.0,5.26,0.0,0.0,0.0,0.0,0.0,0.0,0.0,0.0,0.0,0.0,0.0,0.0,0.0,0.0,0.0,26.32,1.0
93,0.0,0.0,0.0,0.0,0.0,0.0,0.0,0.0,0.0,0.0,5.26,0.0,15.79,0.0,5.26,0.0,0.0,0.0,0.0,0.0,0.0,0.0,5.26,26.32,0.0,5.26,0.0,0.0,0.0,0.0,0.0,0.0,0.0,0.0,0.0,0.0,31.58,0.0,0.0,0.0,0.0,0.0,0.0,0.0,0.0,0.0,0.0,5.26,0.0,0.0,0.0,0.0,0.0,0.0,0.0,0.0,0.0,0.0,0.0,0.0,0.0,0.0,0.0,0.0,0.0,0.0,0.0,31.58,1.0
94,5.26,0.0,0.0,31.58,5.26,0.0,0.0,0.0,0.0,10.53,0.0,0.0,0.0,0.0,21.05,0.0,0.0,0.0,5.26,5.26,0.0,0.0,0.0,0.0,0.0,0.0,0.0,5.26,0.0,0.0,0.0,0.0,0.0,0.0,0.0,0.0,10.53,0.0,0.0,0.0,0.0,0.0,0.0,0.0,0.0,0.0,0.0,0.0,0.0,0.0,0.0,0.0,0.0,0.0,0.0,0.0,0.0,0.0,0.0,0.0,0.0,0.0,0.0,0.0,0.0,0.0,0.0,5.26,0.0
95,0.0,0.0,0.0,0.0,0.0,0.0,0.0,0.0,0.0,0.0,5.26,0.0,0.0,0.0,21.05,0.0,0.0,0.0,0.0,5.26,0.0,0.0,0.0,21.05,0.0,0.0,0.0,5.26,0.0,0.0,0.0,0.0,0.0,0.0,0.0,0.0,21.05,0.0,0.0,0.0,5.26,0.0,0.0,0.0,0.0,0.0,0.0,15.79,0.0,0.0,0.0,0.0,0.0,0.0,0.0,0.0,0.0,0.0,0.0,0.0,0.0,0.0,0.0,0.0,0.0,0.0,0.0,0.0,0.0
96,0.0,0.0,0.0,0.0,0.0,0.0,0.0,0.0,0.0,0.0,15.79,0.0,5.26,0.0,0.0,0.0,0.0,0.0,0.0,0.0,10.53,0.0,0.0,21.05,15.79,5.26,0.0,0.0,0.0,0.0,0.0,0.0,10.53,0.0,10.53,0.0,0.0,0.0,0.0,0.0,0.0,0.0,0.0,0.0,0.0,0.0,0.0,5.26,0.0,0.0,0.0,0.0,0.0,0.0,0.0,0.0,0.0,0.0,0.0,0.0,0.0,0.0,0.0,0.0,0.0,0.0,0.0,68.42,1.0
97,0.0,0.0,0.0,0.0,15.79,0.0,0.0,0.0,0.0,5.26,15.79,5.26,0.0,0.0,0.0,0.0,0.0,0.0,0.0,5.26,5.26,0.0,5.26,5.26,0.0,5.26,0.0,0.0,0.0,5.26,0.0,0.0,5.26,0.0,5.26,0.0,0.0,0.0,0.0,0.0,0.0,0.0,0.0,0.0,0.0,0.0,0.0,0.0,0.0,0.0,0.0,10.53,0.0,0.0,5.26,0.0,0.0,0.0,0.0,0.0,0.0,0.0,0.0,0.0,0.0,0.0,0.0,36.84,1.0
98,0.0,5.26,0.0,5.26,0.0,0.0,0.0,5.26,0.0,10.53,31.58,5.26,0.0,0.0,5.26,0.0,0.0,0.0,0.0,0.0,10.53,0.0,0.0,0.0,5.26,0.0,10.53,0.0,0.0,0.0,0.0,0.0,0.0,0.0,0.0,0.0,0.0,0.0,0.0,0.0,0.0,0.0,0.0,0.0,0.0,0.0,0.0,0.0,0.0,0.0,0.0,0.0,5.26,0.0,0.0,0.0,0.0,0.0,0.0,0.0,0.0,0.0,0.0,0.0,0.0,0.0,0.0,42.11,1.0
99,15.79,5.26,0.0,0.0,15.79,0.0,0.0,0.0,0.0,5.26,0.0,5.26,0.0,0.0,10.53,0.0,0.0,0.0,5.26,0.0,0.0,0.0,0.0,15.79,0.0,0.0,0.0,0.0,0.0,0.0,0.0,0.0,5.26,0.0,0.0,0.0,0.0,0.0,0.0,0.0,5.26,0.0,0.0,0.0,0.0,0.0,0.0,0.0,0.0,0.0,0.0,0.0,5.26,0.0,5.26,0.0,0.0,0.0,0.0,0.0,0.0,0.0,0.0,0.0,0.0,0.0,0.0,26.32,1.0
100,15.79,5.26,0.0,0.0,52.63,0.0,0.0,15.79,10.53,0.0,0.0,0.0,0.0,0.0,0.0,0.0,0.0,0.0,0.0,0.0,0.0,0.0,0.0,0.0,0.0,0.0,0.0,0.0,0.0,0.0,0.0,0.0,0.0,0.0,0.0,0.0,0.0,0.0,0.0,0.0,0.0,0.0,0.0,0.0,0.0,0.0,0.0,0.0,0.0,0.0,0.0,0.0,0.0,0.0,0.0,0.0,0.0,0.0,0.0,0.0,0.0,0.0,0.0,0.0,0.0,0.0,0.0,31.58,1.0
101,0.0,0.0,0.0,21.05,0.0,0.0,0.0,0.0,0.0,0.0,5.26,5.26,0.0,0.0,0.0,0.0,0.0,0.0,0.0,0.0,21.05,0.0,0.0,15.79,0.0,5.26,0.0,0.0,0.0,5.26,0.0,0.0,5.26,0.0,5.26,0.0,5.26,0.0,0.0,0.0,0.0,0.0,0.0,0.0,0.0,0.0,0.0,0.0,0.0,0.0,0.0,0.0,0.0,5.26,0.0,0.0,0.0,0.0,0.0,0.0,0.0,0.0,0.0,0.0,0.0,0.0,0.0,42.11,1.0
102,0.0,0.0,0.0,0.0,0.0,0.0,0.0,0.0,0.0,0.0,0.0,0.0,0.0,0.0,63.16,0.0,0.0,0.0,0.0,5.26,15.79,0.0,0.0,5.26,0.0,0.0,0.0,5.26,0.0,0.0,0.0,0.0,0.0,0.0,0.0,0.0,0.0,0.0,0.0,0.0,0.0,0.0,0.0,0.0,0.0,0.0,0.0,0.0,0.0,0.0,0.0,0.0,0.0,0.0,0.0,0.0,0.0,5.26,0.0,0.0,0.0,0.0,0.0,0.0,0.0,0.0,0.0,0.0,0.0
103,0.0,0.0,0.0,0.0,0.0,0.0,0.0,0.0,5.26,0.0,10.53,5.26,0.0,0.0,26.32,0.0,0.0,26.32,0.0,0.0,5.26,0.0,0.0,0.0,5.26,0.0,0.0,10.53,0.0,0.0,0.0,0.0,0.0,0.0,0.0,0.0,0.0,0.0,0.0,0.0,0.0,0.0,0.0,0.0,0.0,0.0,0.0,0.0,0.0,0.0,0.0,0.0,0.0,0.0,0.0,0.0,0.0,0.0,0.0,0.0,0.0,0.0,0.0,5.26,0.0,0.0,0.0,5.26,0.0
104,0.0,0.0,0.0,0.0,0.0,0.0,0.0,0.0,0.0,0.0,0.0,0.0,21.05,0.0,0.0,0.0,0.0,52.63,0.0,0.0,0.0,0.0,5.26,0.0,0.0,0.0,0.0,0.0,0.0,0.0,0.0,0.0,0.0,0.0,0.0,0.0,0.0,0.0,0.0,15.79,0.0,0.0,0.0,0.0,0.0,0.0,0.0,0.0,0.0,0.0,5.26,0.0,0.0,0.0,0.0,0.0,0.0,0.0,0.0,0.0,0.0,0.0,0.0,0.0,0.0,0.0,0.0,42.11,1.0
105,0.0,0.0,0.0,0.0,0.0,0.0,0.0,0.0,0.0,5.26,5.26,0.0,0.0,0.0,0.0,0.0,0.0,0.0,0.0,0.0,10.53,5.26,0.0,47.37,0.0,0.0,0.0,0.0,0.0,0.0,0.0,0.0,5.26,0.0,5.26,0.0,15.79,0.0,0.0,0.0,0.0,0.0,0.0,0.0,0.0,0.0,0.0,0.0,0.0,0.0,0.0,0.0,0.0,0.0,0.0,0.0,0.0,0.0,0.0,0.0,0.0,0.0,0.0,0.0,0.0,0.0,0.0,36.84,1.0
106,5.26,0.0,0.0,0.0,10.53,0.0,0.0,0.0,0.0,0.0,31.58,0.0,0.0,0.0,0.0,0.0,5.26,5.26,0.0,0.0,5.26,0.0,0.0,15.79,0.0,0.0,0.0,0.0,0.0,0.0,0.0,0.0,0.0,0.0,0.0,5.26,0.0,0.0,0.0,5.26,0.0,0.0,0.0,0.0,0.0,0.0,0.0,0.0,0.0,0.0,5.26,0.0,0.0,5.26,0.0,0.0,0.0,0.0,0.0,0.0,0.0,0.0,0.0,0.0,0.0,0.0,0.0,36.84,1.0
107,0.0,0.0,0.0,0.0,5.26,0.0,0.0,0.0,5.26,0.0,21.05,0.0,0.0,0.0,21.05,0.0,0.0,0.0,0.0,5.26,0.0,0.0,0.0,0.0,0.0,0.0,0.0,10.53,15.79,0.0,0.0,0.0,5.26,0.0,0.0,0.0,0.0,0.0,0.0,0.0,0.0,0.0,0.0,0.0,0.0,0.0,0.0,5.26,0.0,0.0,0.0,5.26,0.0,0.0,0.0,0.0,0.0,0.0,0.0,0.0,0.0,0.0,0.0,0.0,0.0,0.0,0.0,26.32,1.0
108,0.0,0.0,0.0,0.0,0.0,0.0,0.0,0.0,0.0,0.0,5.26,0.0,15.79,0.0,5.26,0.0,0.0,0.0,0.0,0.0,0.0,0.0,5.26,26.32,0.0,5.26,0.0,0.0,0.0,0.0,0.0,0.0,0.0,0.0,0.0,0.0,31.58,0.0,0.0,0.0,0.0,0.0,0.0,0.0,0.0,0.0,0.0,5.26,0.0,0.0,0.0,0.0,0.0,0.0,0.0,0.0,0.0,0.0,0.0,0.0,0.0,0.0,0.0,0.0,0.0,0.0,0.0,31.58,1.0
109,5.26,0.0,0.0,31.58,5.26,0.0,0.0,0.0,0.0,10.53,0.0,0.0,0.0,0.0,21.05,0.0,0.0,0.0,5.26,5.26,0.0,0.0,0.0,0.0,0.0,0.0,0.0,5.26,0.0,0.0,0.0,0.0,0.0,0.0,0.0,0.0,10.53,0.0,0.0,0.0,0.0,0.0,0.0,0.0,0.0,0.0,0.0,0.0,0.0,0.0,0.0,0.0,0.0,0.0,0.0,0.0,0.0,0.0,0.0,0.0,0.0,0.0,0.0,0.0,0.0,0.0,0.0,5.26,0.0
110,0.0,0.0,0.0,0.0,0.0,0.0,0.0,0.0,0.0,0.0,5.26,0.0,0.0,0.0,21.05,0.0,0.0,0.0,0.0,5.26,0.0,0.0,0.0,21.05,0.0,0.0,0.0,5.26,0.0,0.0,0.0,0.0,0.0,0.0,0.0,0.0,21.05,0.0,0.0,0.0,5.26,0.0,0.0,0.0,0.0,0.0,0.0,15.79,0.0,0.0,0.0,0.0,0.0,0.0,0.0,0.0,0.0,0.0,0.0,0.0,0.0,0.0,0.0,0.0,0.0,0.0,0.0,0.0,0.0
111,0.0,0.0,0.0,0.0,0.0,0.0,0.0,0.0,0.0,0.0,15.79,0.0,5.26,0.0,0.0,0.0,0.0,0.0,0.0,0.0,10.53,0.0,0.0,21.05,15.79,5.26,0.0,0.0,0.0,0.0,0.0,0.0,10.53,0.0,10.53,0.0,0.0,0.0,0.0,0.0,0.0,0.0,0.0,0.0,0.0,0.0,0.0,5.26,0.0,0.0,0.0,0.0,0.0,0.0,0.0,0.0,0.0,0.0,0.0,0.0,0.0,0.0,0.0,0.0,0.0,0.0,0.0,68.42,1.0
112,0.0,0.0,0.0,0.0,15.79,0.0,0.0,0.0,0.0,5.26,15.79,5.26,0.0,0.0,0.0,0.0,0.0,0.0,0.0,5.26,5.26,0.0,5.26,5.26,0.0,5.26,0.0,0.0,0.0,5.26,0.0,0.0,5.26,0.0,5.26,0.0,0.0,0.0,0.0,0.0,0.0,0.0,0.0,0.0,0.0,0.0,0.0,0.0,0.0,0.0,0.0,10.53,0.0,0.0,5.26,0.0,0.0,0.0,0.0,0.0,0.0,0.0,0.0,0.0,0.0,0.0,0.0,36.84,1.0
113,0.0,5.26,0.0,5.26,0.0,0.0,0.0,5.26,0.0,10.53,31.58,5.26,0.0,0.0,5.26,0.0,0.0,0.0,0.0,0.0,10.53,0.0,0.0,0.0,5.26,0.0,10.53,0.0,0.0,0.0,0.0,0.0,0.0,0.0,0.0,0.0,0.0,0.0,0.0,0.0,0.0,0.0,0.0,0.0,0.0,0.0,0.0,0.0,0.0,0.0,0.0,0.0,5.26,0.0,0.0,0.0,0.0,0.0,0.0,0.0,0.0,0.0,0.0,0.0,0.0,0.0,0.0,42.11,1.0
114,5.26,0.0,0.0,5.26,0.0,0.0,5.26,0.0,5.26,0.0,0.0,10.53,10.53,5.26,21.05,0.0,5.26,15.79,0.0,5.26,0.0,0.0,0.0,0.0,0.0,0.0,0.0,5.26,0.0,0.0,0.0,0.0,0.0,0.0,0.0,0.0,0.0,0.0,0.0,0.0,0.0,0.0,0.0,0.0,0.0,0.0,0.0,0.0,0.0,0.0,0.0,0.0,0.0,0.0,0.0,0.0,0.0,0.0,0.0,0.0,0.0,0.0,0.0,0.0,0.0,0.0,0.0,21.05,1.0
115,10.53,0.0,5.26,10.53,31.58,0.0,0.0,15.79,0.0,0.0,0.0,5.26,0.0,0.0,0.0,0.0,0.0,5.26,0.0,0.0,0.0,0.0,0.0,0.0,0.0,0.0,0.0,0.0,0.0,0.0,0.0,5.26,0.0,0.0,0.0,0.0,0.0,0.0,0.0,0.0,0.0,0.0,5.26,0.0,0.0,0.0,0.0,0.0,0.0,0.0,0.0,0.0,0.0,0.0,5.26,0.0,0.0,0.0,0.0,0.0,0.0,0.0,0.0,0.0,0.0,0.0,0.0,42.11,1.0
116,21.05,0.0,0.0,21.05,5.26,0.0,0.0,5.26,0.0,10.53,10.53,0.0,0.0,0.0,0.0,0.0,0.0,0.0,0.0,0.0,0.0,0.0,0.0,10.53,5.26,5.26,0.0,0.0,0.0,0.0,0.0,0.0,0.0,5.26,0.0,0.0,0.0,0.0,0.0,0.0,0.0,0.0,0.0,0.0,0.0,0.0,0.0,0.0,0.0,0.0,0.0,0.0,0.0,0.0,0.0,0.0,0.0,0.0,0.0,0.0,0.0,0.0,0.0,0.0,0.0,0.0,0.0,68.42,1.0
117,5.26,0.0,0.0,21.05,5.26,5.26,0.0,15.79,0.0,0.0,0.0,0.0,10.53,5.26,0.0,0.0,0.0,15.79,0.0,0.0,0.0,0.0,0.0,0.0,0.0,0.0,0.0,0.0,0.0,0.0,0.0,0.0,0.0,0.0,0.0,0.0,0.0,0.0,0.0,0.0,0.0,0.0,0.0,5.26,0.0,0.0,0.0,0.0,0.0,5.26,5.26,0.0,0.0,0.0,0.0,0.0,0.0,0.0,0.0,0.0,0.0,0.0,0.0,0.0,0.0,0.0,0.0,57.89,1.0
118,21.05,0.0,0.0,0.0,31.58,0.0,0.0,5.26,0.0,0.0,0.0,0.0,0.0,0.0,10.53,0.0,0.0,5.26,5.26,0.0,0.0,0.0,0.0,0.0,0.0,0.0,0.0,0.0,0.0,0.0,0.0,0.0,0.0,0.0,0.0,5.26,0.0,0.0,0.0,0.0,5.26,0.0,5.26,0.0,0.0,0.0,0.0,0.0,0.0,0.0,0.0,0.0,0.0,0.0,5.26,0.0,0.0,0.0,0.0,0.0,0.0,0.0,0.0,0.0,0.0,0.0,0.0,36.84,1.0
119,42.11,10.53,0.0,0.0,15.79,0.0,0.0,5.26,5.26,0.0,0.0,0.0,0.0,0.0,0.0,0.0,0.0,5.26,0.0,0.0,0.0,0.0,5.26,0.0,0.0,0.0,0.0,0.0,0.0,0.0,0.0,0.0,0.0,0.0,0.0,0.0,10.53,0.0,0.0,0.0,0.0,0.0,0.0,0.0,0.0,0.0,0.0,0.0,0.0,0.0,0.0,0.0,0.0,0.0,0.0,0.0,0.0,0.0,0.0,0.0,0.0,0.0,0.0,0.0,0.0,0.0,0.0,52.63,1.0
120,5.26,5.26,0.0,0.0,5.26,0.0,0.0,0.0,0.0,0.0,15.79,5.26,5.26,0.0,0.0,0.0,10.53,5.26,0.0,0.0,0.0,5.26,5.26,10.53,0.0,0.0,0.0,0.0,0.0,0.0,0.0,0.0,0.0,0.0,0.0,0.0,15.79,0.0,0.0,0.0,0.0,0.0,0.0,0.0,0.0,0.0,0.0,0.0,0.0,0.0,0.0,0.0,0.0,0.0,0.0,0.0,0.0,0.0,0.0,5.26,0.0,0.0,0.0,0.0,0.0,0.0,0.0,31.58,1.0
121,5.26,0.0,0.0,10.53,5.26,0.0,0.0,5.26,0.0,0.0,15.79,0.0,0.0,0.0,5.26,0.0,0.0,0.0,0.0,0.0,0.0,5.26,0.0,21.05,0.0,5.26,5.26,0.0,0.0,0.0,0.0,0.0,5.26,0.0,0.0,0.0,0.0,0.0,0.0,0.0,0.0,0.0,0.0,0.0,0.0,0.0,0.0,0.0,0.0,0.0,0.0,5.26,0.0,0.0,0.0,0.0,0.0,0.0,0.0,0.0,0.0,0.0,0.0,0.0,5.26,0.0,0.0,0.0,0.0
122,0.0,0.0,0.0,5.26,0.0,0.0,0.0,0.0,0.0,0.0,31.58,0.0,0.0,0.0,0.0,0.0,0.0,0.0,0.0,0.0,5.26,0.0,0.0,31.58,0.0,5.26,0.0,0.0,0.0,5.26,0.0,0.0,5.26,0.0,5.26,0.0,0.0,0.0,0.0,0.0,5.26,0.0,0.0,0.0,0.0,0.0,0.0,0.0,0.0,0.0,0.0,0.0,0.0,0.0,0.0,0.0,0.0,0.0,0.0,0.0,0.0,0.0,0.0,0.0,0.0,0.0,0.0,0.0,0.0
123,0.0,0.0,0.0,0.0,0.0,0.0,0.0,0.0,0.0,0.0,5.26,0.0,5.26,0.0,0.0,0.0,0.0,0.0,0.0,0.0,0.0,5.26,5.26,26.32,0.0,0.0,0.0,0.0,0.0,0.0,0.0,0.0,5.26,0.0,0.0,0.0,21.05,0.0,0.0,0.0,0.0,0.0,0.0,0.0,0.0,0.0,15.79,0.0,0.0,0.0,0.0,0.0,0.0,0.0,0.0,10.53,0.0,0.0,0.0,0.0,0.0,0.0,0.0,0.0,0.0,0.0,0.0,63.16,1.0
124,15.79,0.0,0.0,0.0,5.26,0.0,0.0,0.0,0.0,0.0,10.53,0.0,0.0,0.0,0.0,0.0,0.0,0.0,0.0,0.0,0.0,0.0,0.0,5.26,0.0,0.0,0.0,0.0,0.0,0.0,0.0,0.0,0.0,0.0,0.0,0.0,15.79,0.0,0.0,0.0,0.0,0.0,0.0,0.0,0.0,0.0,0.0,0.0,0.0,0.0,0.0,0.0,0.0,0.0,5.26,15.79,0.0,0.0,0.0,0.0,0.0,0.0,10.53,0.0,0.0,5.26,10.53,57.89,1.0
125,0.0,0.0,0.0,0.0,0.0,0.0,0.0,0.0,0.0,0.0,21.05,0.0,0.0,0.0,5.26,0.0,0.0,0.0,0.0,0.0,21.05,0.0,15.79,10.53,5.26,15.79,0.0,0.0,0.0,0.0,0.0,0.0,0.0,0.0,5.26,0.0,0.0,0.0,0.0,0.0,0.0,0.0,0.0,0.0,0.0,0.0,0.0,0.0,0.0,0.0,0.0,0.0,0.0,0.0,0.0,0.0,0.0,0.0,0.0,0.0,0.0,0.0,0.0,0.0,0.0,0.0,0.0,0.0,0.0
126,0.0,0.0,0.0,0.0,10.53,0.0,0.0,5.26,0.0,5.26,47.37,0.0,0.0,0.0,0.0,0.0,0.0,0.0,0.0,0.0,5.26,0.0,0.0,5.26,0.0,5.26,5.26,0.0,0.0,5.26,0.0,0.0,0.0,0.0,0.0,5.26,0.0,0.0,0.0,0.0,0.0,0.0,0.0,0.0,0.0,0.0,0.0,0.0,0.0,0.0,0.0,0.0,0.0,0.0,0.0,0.0,0.0,0.0,0.0,0.0,0.0,0.0,0.0,0.0,0.0,0.0,0.0,0.0,0.0
127,0.0,0.0,0.0,0.0,0.0,0.0,0.0,0.0,0.0,0.0,0.0,0.0,5.26,0.0,15.79,0.0,0.0,68.42,0.0,0.0,0.0,0.0,0.0,0.0,0.0,0.0,0.0,0.0,0.0,0.0,0.0,0.0,0.0,0.0,0.0,0.0,0.0,0.0,0.0,0.0,0.0,5.26,0.0,0.0,0.0,0.0,0.0,0.0,0.0,0.0,0.0,0.0,0.0,0.0,0.0,0.0,0.0,0.0,0.0,0.0,0.0,0.0,0.0,5.26,0.0,0.0,0.0,0.0,0.0
128,0.0,0.0,0.0,0.0,0.0,0.0,0.0,0.0,0.0,21.05,26.32,5.26,5.26,5.26,0.0,0.0,0.0,0.0,0.0,0.0,5.26,0.0,5.26,0.0,0.0,5.26,5.26,0.0,0.0,0.0,0.0,0.0,5.26,0.0,0.0,0.0,0.0,0.0,0.0,0.0,0.0,0.0,0.0,0.0,0.0,0.0,0.0,0.0,0.0,0.0,0.0,0.0,0.0,10.53,0.0,0.0,0.0,0.0,0.0,0.0,0.0,0.0,0.0,0.0,0.0,0.0,0.0,52.63,1.0
